SEASON_ID,Player_ID,Game_ID,GAME_DATE,MATCHUP,WL,MIN,FGM,FGA,FG_PCT,FG3M,FG3A,FG3_PCT,FTM,FTA,FT_PCT,OREB,DREB,REB,AST,STL,BLK,TOV,PF,PTS,PLUS_MINUS,VIDEO_AVAILABLE
22023,1628970,0022301173,"APR 12, 2024",CHA @ BOS,L,15,2,4,0.5,0,1,0.0,0,0,0.0,0,3,3,2,0,0,1,1,4,-20,1
22023,1628970,0022301159,"APR 10, 2024",CHA @ ATL,W,30,7,14,0.5,2,5,0.4,2,2,1.0,1,2,3,3,0,0,2,0,18,-9,1
22023,1628970,0022301144,"APR 09, 2024",CHA vs. DAL,L,36,8,15,0.533,2,4,0.5,4,4,1.0,1,4,5,3,1,1,2,3,22,-20,1
22023,1628970,0022301135,"APR 07, 2024",CHA vs. OKC,L,40,7,17,0.412,1,7,0.143,0,0,0.0,1,8,9,3,1,1,1,1,15,5,1
22023,1628970,0022301115,"APR 05, 2024",CHA vs. ORL,W,42,8,17,0.471,2,6,0.333,5,5,1.0,0,6,6,4,0,1,3,2,23,18,1
22023,1628970,0022301087,"APR 01, 2024",CHA vs. BOS,L,43,10,23,0.435,3,9,0.333,3,3,1.0,1,10,11,8,0,0,1,0,26,-13,1
22023,1628970,0022301079,"MAR 31, 2024",CHA vs. LAC,L,43,11,20,0.55,7,14,0.5,4,4,1.0,0,7,7,3,0,0,0,2,33,-6,1
22023,1628970,0022301062,"MAR 29, 2024",CHA vs. GSW,L,38,8,17,0.471,1,7,0.143,5,7,0.714,2,7,9,3,0,0,2,2,22,-20,1
22023,1628970,0022301048,"MAR 27, 2024",CHA vs. CLE,W,41,7,14,0.5,1,5,0.2,2,2,1.0,2,3,5,3,3,0,3,0,17,0,1
22023,1628970,0022301033,"MAR 25, 2024",CHA @ CLE,L,38,5,14,0.357,1,5,0.2,2,4,0.5,1,5,6,2,1,0,1,3,13,-10,1
22023,1628970,0022301021,"MAR 23, 2024",CHA @ ATL,L,37,11,19,0.579,4,7,0.571,1,3,0.333,3,2,5,0,0,2,4,1,27,-32,1
22023,1628970,0022300991,"MAR 19, 2024",CHA @ ORL,L,38,8,15,0.533,0,4,0.0,0,0,0.0,1,3,4,5,1,0,3,0,16,-17,1
22023,1628970,0022300969,"MAR 16, 2024",CHA @ PHI,L,39,5,15,0.333,1,6,0.167,3,4,0.75,2,7,9,6,1,0,3,0,14,-16,1
22023,1628970,0022300961,"MAR 15, 2024",CHA vs. PHX,L,38,6,18,0.333,0,5,0.0,5,7,0.714,2,8,10,3,0,0,2,2,17,-18,1
22023,1628970,0022300950,"MAR 13, 2024",CHA @ MEM,W,40,12,21,0.571,3,7,0.429,0,0,0.0,1,5,6,6,1,1,1,2,27,12,1
22023,1628970,0022300933,"MAR 11, 2024",CHA @ DET,L,40,9,24,0.375,3,9,0.333,3,5,0.6,1,6,7,3,1,0,2,1,24,-19,1
22023,1628970,0022300918,"MAR 09, 2024",CHA vs. BKN,W,39,10,15,0.667,2,5,0.4,2,5,0.4,1,9,10,4,1,0,3,1,24,11,1
22023,1628970,0022300910,"MAR 08, 2024",CHA @ WAS,L,41,13,27,0.481,1,10,0.1,5,5,1.0,1,11,12,4,0,1,0,2,32,-10,1
22023,1628970,0022300885,"MAR 05, 2024",CHA vs. ORL,L,36,3,16,0.188,1,6,0.167,0,0,0.0,1,2,3,3,2,0,3,4,7,-8,1
22023,1628970,0022300875,"MAR 03, 2024",CHA @ TOR,L,40,9,19,0.474,0,3,0.0,2,2,1.0,0,9,9,4,1,1,1,0,20,-3,1
22023,1628970,0022300858,"MAR 01, 2024",CHA @ PHI,L,39,10,18,0.556,5,7,0.714,2,2,1.0,1,10,11,2,0,0,1,0,27,-19,1
22023,1628970,0022300849,"FEB 29, 2024",CHA vs. MIL,L,39,6,18,0.333,1,7,0.143,2,3,0.667,3,7,10,3,0,0,4,3,15,-8,1
22023,1628970,0022300840,"FEB 27, 2024",CHA @ MIL,L,37,6,15,0.4,2,9,0.222,3,3,1.0,0,3,3,0,2,0,3,3,17,-48,1
22023,1628970,0022300826,"FEB 25, 2024",CHA @ POR,W,40,8,18,0.444,2,6,0.333,0,1,0.0,1,9,10,1,1,0,4,0,18,10,1
22023,1628970,0022300811,"FEB 23, 2024",CHA @ GSW,L,41,8,18,0.444,3,7,0.429,0,0,0.0,3,8,11,3,2,1,3,1,19,-17,1
22023,1628970,0022300801,"FEB 22, 2024",CHA @ UTA,W,41,10,20,0.5,4,6,0.667,2,4,0.5,3,11,14,4,0,0,1,3,26,12,1
22023,1628970,0022300777,"FEB 14, 2024",CHA vs. ATL,W,34,5,13,0.385,3,6,0.5,4,4,1.0,1,4,5,4,1,1,1,4,17,33,1
22023,1628970,0022300761,"FEB 12, 2024",CHA vs. IND,W,39,9,17,0.529,1,6,0.167,1,1,1.0,0,10,10,7,3,0,2,0,20,1,1
22023,1628970,0022300751,"FEB 10, 2024",CHA vs. MEM,W,39,11,13,0.846,2,2,1.0,1,2,0.5,1,5,6,5,2,1,3,0,25,7,1
22023,1628970,0022300745,"FEB 09, 2024",CHA @ MIL,L,31,2,16,0.125,2,6,0.333,5,6,0.833,1,4,5,3,0,0,1,1,11,-39,1
22023,1628970,0022300726,"FEB 07, 2024",CHA vs. TOR,L,38,17,27,0.63,6,11,0.545,5,7,0.714,5,3,8,7,0,0,1,4,45,-6,1
22023,1628970,0022300713,"FEB 05, 2024",CHA vs. LAL,L,40,16,26,0.615,5,10,0.5,4,4,1.0,0,0,0,4,0,0,1,1,41,-4,1
22023,1628970,0022300707,"FEB 04, 2024",CHA vs. IND,L,38,8,23,0.348,1,5,0.2,2,2,1.0,1,5,6,3,0,1,2,2,19,-24,1
22023,1628970,0022300695,"FEB 02, 2024",CHA @ OKC,L,32,3,16,0.188,1,3,0.333,2,2,1.0,0,5,5,4,0,0,2,2,9,-36,1
22023,1628970,0022300674,"JAN 31, 2024",CHA vs. CHI,L,41,11,20,0.55,6,13,0.462,2,2,1.0,2,13,15,5,1,3,0,1,30,3,1
22023,1628970,0022300657,"JAN 29, 2024",CHA vs. NYK,L,39,10,20,0.5,1,6,0.167,0,2,0.0,1,9,10,5,3,1,3,2,21,-22,1
22023,1628970,0022300647,"JAN 27, 2024",CHA vs. UTA,L,41,8,19,0.421,3,8,0.375,2,2,1.0,1,8,9,6,2,2,1,2,21,-14,1
22023,1628970,0022300635,"JAN 26, 2024",CHA vs. HOU,L,36,7,11,0.636,2,4,0.5,5,5,1.0,1,6,7,3,1,0,4,1,21,-29,1
22023,1628970,0022300619,"JAN 24, 2024",CHA @ DET,L,41,7,21,0.333,3,9,0.333,3,4,0.75,0,10,10,2,2,0,3,1,20,3,1
22023,1628970,0022300610,"JAN 22, 2024",CHA @ MIN,W,40,10,23,0.435,3,10,0.3,5,5,1.0,1,4,5,2,1,0,1,2,28,-13,1
22023,1628970,0022300593,"JAN 20, 2024",CHA vs. PHI,L,40,9,22,0.409,5,10,0.5,2,2,1.0,0,11,11,3,0,1,2,2,25,8,1
22023,1628970,0022300584,"JAN 19, 2024",CHA vs. SAS,W,39,10,15,0.667,2,2,1.0,1,1,1.0,0,6,6,3,0,1,2,3,23,-4,1
22023,1628970,0022300575,"JAN 17, 2024",CHA @ NOP,L,35,8,20,0.4,3,7,0.429,0,0,0.0,0,4,4,3,0,0,2,1,19,-12,1
22023,1628970,0022300551,"JAN 14, 2024",CHA @ MIA,L,38,8,17,0.471,1,7,0.143,3,3,1.0,1,6,7,1,1,0,3,0,20,-16,1
22023,1628970,0022300541,"JAN 12, 2024",CHA @ SAS,L,33,4,13,0.308,1,4,0.25,5,5,1.0,1,8,9,0,1,0,1,1,14,-32,1
22023,1628970,0022300518,"JAN 10, 2024",CHA vs. SAC,L,34,10,21,0.476,4,8,0.5,0,0,0.0,1,6,7,6,1,0,3,1,24,-7,1
22023,1628970,0022300506,"JAN 08, 2024",CHA vs. CHI,L,40,9,18,0.5,4,8,0.5,2,3,0.667,2,6,8,5,1,2,5,3,24,-2,1
22023,1628970,0022300484,"JAN 05, 2024",CHA @ CHI,L,42,12,18,0.667,3,7,0.429,1,2,0.5,0,5,5,2,0,0,2,1,28,-9,1
22023,1628970,0022300464,"JAN 02, 2024",CHA @ SAC,W,40,9,18,0.5,3,6,0.5,6,6,1.0,0,5,5,3,1,2,3,0,27,9,1
22023,1628970,0022300455,"JAN 01, 2024",CHA @ DEN,L,36,10,14,0.714,3,5,0.6,3,5,0.6,0,9,9,5,1,0,2,1,26,-23,1
22023,1628970,0022300436,"DEC 29, 2023",CHA @ PHX,L,37,4,16,0.25,1,7,0.143,2,2,1.0,0,7,7,6,1,0,3,2,11,0,1
22023,1628970,0022300428,"DEC 28, 2023",CHA @ LAL,L,33,7,20,0.35,4,10,0.4,2,2,1.0,1,4,5,5,0,1,3,3,20,-33,1
22023,1628970,0022300414,"DEC 26, 2023",CHA @ LAC,L,38,9,23,0.391,3,10,0.3,0,0,0.0,1,10,11,5,0,2,2,5,21,4,1
22023,1628970,0022300390,"DEC 23, 2023",CHA vs. DEN,L,38,8,23,0.348,2,12,0.167,4,4,1.0,2,5,7,2,2,3,1,2,22,-5,1
22023,1628970,0022300365,"DEC 20, 2023",CHA @ IND,L,37,8,17,0.471,0,2,0.0,3,4,0.75,1,3,4,3,3,0,0,2,19,-15,1
22023,1628970,0022300335,"DEC 16, 2023",CHA vs. PHI,L,31,3,14,0.214,1,7,0.143,2,2,1.0,0,10,10,0,0,0,1,1,9,-56,1
22023,1628970,0022300326,"DEC 15, 2023",CHA vs. NOP,L,39,10,24,0.417,2,8,0.25,5,6,0.833,2,8,10,2,1,0,3,5,27,-11,1
22023,1628970,0022300312,"DEC 13, 2023",CHA @ MIA,L,34,9,19,0.474,1,8,0.125,0,0,0.0,1,4,5,4,2,0,4,2,19,3,1
22023,1628970,0022300292,"DEC 11, 2023",CHA vs. MIA,L,34,7,14,0.5,2,6,0.333,2,2,1.0,1,3,4,1,0,0,2,3,18,3,1
22023,1628970,0022301216,"DEC 08, 2023",CHA vs. TOR,W,38,8,15,0.533,3,6,0.5,3,3,1.0,0,8,8,3,2,0,1,0,22,2,1
22023,1628970,0022301211,"DEC 06, 2023",CHA @ CHI,L,40,7,15,0.467,2,8,0.25,0,0,0.0,2,6,8,2,3,0,1,3,16,-6,1
22023,1628970,0022300281,"DEC 02, 2023",CHA vs. MIN,L,36,8,18,0.444,2,5,0.4,4,4,1.0,1,2,3,4,1,0,1,5,22,-7,1
22023,1628970,0022300266,"NOV 30, 2023",CHA @ BKN,W,38,9,15,0.6,3,4,0.75,2,2,1.0,1,4,5,2,0,0,0,2,23,4,1
22023,1628970,0022300057,"NOV 28, 2023",CHA @ NYK,L,32,5,12,0.417,2,3,0.667,1,2,0.5,0,4,4,2,2,1,2,2,13,-22,1
22023,1628970,0022300248,"NOV 26, 2023",CHA @ ORL,L,37,9,17,0.529,1,4,0.25,4,6,0.667,3,7,10,2,1,1,3,2,23,-6,1
22023,1628970,0022300225,"NOV 22, 2023",CHA vs. WAS,W,37,11,18,0.611,3,7,0.429,8,10,0.8,2,8,10,0,2,0,3,2,33,-1,1
22023,1628970,0022300217,"NOV 20, 2023",CHA vs. BOS,W,45,3,13,0.231,2,7,0.286,6,6,1.0,0,15,15,5,1,0,1,1,14,-6,1
22023,1628970,0022300202,"NOV 18, 2023",CHA vs. NYK,L,32,8,12,0.667,1,1,1.0,2,3,0.667,0,4,4,3,1,1,1,2,19,2,1
22023,1628970,0022300027,"NOV 17, 2023",CHA vs. MIL,L,33,6,13,0.462,2,5,0.4,3,3,1.0,0,5,5,4,2,0,2,1,17,-10,1
22023,1630163,0022300635,"JAN 26, 2024",CHA vs. HOU,L,23,6,16,0.375,2,9,0.222,1,2,0.5,0,2,2,8,2,0,3,4,15,-25,1
22023,1630163,0022300619,"JAN 24, 2024",CHA @ DET,L,32,6,21,0.286,1,8,0.125,4,4,1.0,1,3,4,7,1,0,4,6,17,-24,1
22023,1630163,0022300610,"JAN 22, 2024",CHA @ MIN,W,35,7,18,0.389,1,6,0.167,3,4,0.75,2,4,6,13,3,0,1,1,18,10,1
22023,1630163,0022300584,"JAN 19, 2024",CHA vs. SAS,W,32,10,13,0.769,4,6,0.667,4,5,0.8,1,0,1,8,3,0,4,4,28,13,1
22023,1630163,0022300575,"JAN 17, 2024",CHA @ NOP,L,31,8,19,0.421,4,12,0.333,9,10,0.9,0,5,5,7,2,0,4,5,29,-12,1
22023,1630163,0022300551,"JAN 14, 2024",CHA @ MIA,L,30,9,24,0.375,3,13,0.231,0,0,0.0,2,8,10,5,3,0,2,3,21,8,1
22023,1630163,0022300541,"JAN 12, 2024",CHA @ SAS,L,27,5,14,0.357,3,9,0.333,15,16,0.938,0,3,3,5,5,0,6,4,28,-16,1
22023,1630163,0022300248,"NOV 26, 2023",CHA @ ORL,L,15,3,6,0.5,1,3,0.333,0,0,0.0,0,1,1,2,0,0,1,0,7,-2,1
22023,1630163,0022300225,"NOV 22, 2023",CHA vs. WAS,W,40,13,31,0.419,6,16,0.375,2,3,0.667,2,6,8,13,1,0,4,2,34,4,1
22023,1630163,0022300217,"NOV 20, 2023",CHA vs. BOS,W,41,15,27,0.556,5,11,0.455,1,1,1.0,2,7,9,8,2,1,5,5,36,3,1
22023,1630163,0022300202,"NOV 18, 2023",CHA vs. NYK,L,36,12,22,0.545,8,13,0.615,2,2,1.0,0,5,5,9,1,0,3,3,34,-16,1
22023,1630163,0022300027,"NOV 17, 2023",CHA vs. MIL,L,35,12,28,0.429,2,9,0.222,11,12,0.917,0,5,5,5,1,0,6,2,37,-18,1
22023,1630163,0022300017,"NOV 14, 2023",CHA vs. MIA,L,39,9,26,0.346,4,10,0.4,6,6,1.0,2,4,6,11,3,0,8,5,28,2,1
22023,1630163,0022300177,"NOV 12, 2023",CHA @ NYK,L,33,13,20,0.65,4,8,0.5,2,2,1.0,3,4,7,6,1,1,2,2,32,-32,1
22023,1630163,0022300009,"NOV 10, 2023",CHA @ WAS,W,38,9,19,0.474,4,8,0.5,3,4,0.75,3,3,6,6,2,0,2,5,25,0,1
22023,1630163,0022300157,"NOV 08, 2023",CHA vs. WAS,L,36,13,22,0.591,3,9,0.333,5,7,0.714,3,1,4,7,1,0,6,3,34,-3,1
22023,1630163,0022300143,"NOV 05, 2023",CHA @ DAL,L,39,11,23,0.478,5,10,0.5,3,3,1.0,2,8,10,13,1,1,3,6,30,1,1
22023,1630163,0022300133,"NOV 04, 2023",CHA @ IND,W,31,4,15,0.267,2,7,0.286,1,1,1.0,1,1,2,11,2,0,6,5,11,-15,1
22023,1630163,0022300122,"NOV 01, 2023",CHA @ HOU,L,33,7,15,0.467,2,6,0.333,3,4,0.75,1,0,1,5,1,0,3,4,19,-14,1
22023,1630163,0022300101,"OCT 30, 2023",CHA vs. BKN,L,22,3,12,0.25,0,6,0.0,2,2,1.0,0,3,3,8,2,0,3,6,8,-3,1
22023,1630163,0022300077,"OCT 27, 2023",CHA vs. DET,L,33,4,17,0.235,2,7,0.286,10,12,0.833,3,6,9,9,2,1,4,1,20,-7,1
22023,1630163,0022300063,"OCT 25, 2023",CHA vs. ATL,W,31,4,15,0.267,4,11,0.364,3,4,0.75,1,5,6,10,1,0,3,3,15,7,1
22023,1629684,0022301159,"APR 10, 2024",CHA @ ATL,W,27,5,6,0.833,2,3,0.667,4,4,1.0,1,5,6,5,1,0,3,5,16,-1,1
22023,1629684,0022301144,"APR 09, 2024",CHA vs. DAL,L,32,5,12,0.417,1,5,0.2,1,2,0.5,1,2,3,4,0,0,1,3,12,-16,1
22023,1629684,0022301135,"APR 07, 2024",CHA vs. OKC,L,38,7,10,0.7,2,2,1.0,3,4,0.75,1,2,3,5,2,1,2,3,19,-22,1
22023,1629684,0022301115,"APR 05, 2024",CHA vs. ORL,W,38,7,13,0.538,3,4,0.75,1,1,1.0,1,5,6,7,0,1,3,4,18,7,1
22023,1629684,0022301102,"APR 03, 2024",CHA vs. POR,L,33,1,6,0.167,1,3,0.333,2,2,1.0,0,7,7,11,0,0,1,3,5,-5,1
22023,1629684,0022301087,"APR 01, 2024",CHA vs. BOS,L,33,10,16,0.625,2,4,0.5,1,2,0.5,3,4,7,2,0,0,1,3,23,0,1
22023,1629684,0022301079,"MAR 31, 2024",CHA vs. LAC,L,33,8,10,0.8,2,4,0.5,0,1,0.0,0,5,5,5,0,0,1,5,18,-12,1
22023,1629684,0022301062,"MAR 29, 2024",CHA vs. GSW,L,26,3,10,0.3,2,7,0.286,4,6,0.667,2,6,8,4,0,0,1,3,12,-4,1
22023,1629684,0022301048,"MAR 27, 2024",CHA vs. CLE,W,31,6,8,0.75,2,2,1.0,2,4,0.5,3,4,7,5,1,1,2,3,16,11,1
22023,1629684,0022301033,"MAR 25, 2024",CHA @ CLE,L,27,5,12,0.417,1,6,0.167,1,1,1.0,1,1,2,1,2,1,0,4,12,-24,1
22023,1629684,0022301021,"MAR 23, 2024",CHA @ ATL,L,25,3,10,0.3,1,6,0.167,0,0,0.0,1,3,4,4,0,0,2,3,7,-29,1
22023,1629684,0022300991,"MAR 19, 2024",CHA @ ORL,L,23,2,6,0.333,0,3,0.0,1,2,0.5,1,2,3,1,0,0,1,2,5,-18,1
22023,1629684,0022300969,"MAR 16, 2024",CHA @ PHI,L,27,6,10,0.6,2,4,0.5,0,0,0.0,2,1,3,1,1,1,2,4,14,-17,1
22023,1629684,0022300961,"MAR 15, 2024",CHA vs. PHX,L,32,8,17,0.471,3,8,0.375,1,1,1.0,3,3,6,1,1,0,0,0,20,0,1
22023,1629684,0022300950,"MAR 13, 2024",CHA @ MEM,W,28,6,11,0.545,1,4,0.25,5,5,1.0,0,6,6,3,1,1,6,0,18,12,1
22023,1629684,0022300933,"MAR 11, 2024",CHA @ DET,L,32,6,13,0.462,2,5,0.4,8,9,0.889,0,4,4,2,2,0,5,5,22,-18,1
22023,1629684,0022300918,"MAR 09, 2024",CHA vs. BKN,W,38,4,6,0.667,1,1,1.0,0,0,0.0,0,5,5,2,3,0,3,3,9,1,1
22023,1629684,0022300910,"MAR 08, 2024",CHA @ WAS,L,38,2,10,0.2,1,5,0.2,0,3,0.0,3,1,4,5,1,1,0,3,5,-2,1
22023,1629684,0022300885,"MAR 05, 2024",CHA vs. ORL,L,33,2,4,0.5,0,1,0.0,5,5,1.0,0,2,2,3,0,0,3,5,9,-21,1
22023,1629684,0022300875,"MAR 03, 2024",CHA @ TOR,L,40,6,13,0.462,0,3,0.0,6,7,0.857,6,7,13,5,1,1,6,5,18,2,1
22023,1629684,0022300858,"MAR 01, 2024",CHA @ PHI,L,27,6,6,1.0,1,1,1.0,0,1,0.0,2,4,6,2,1,1,1,4,13,14,1
22023,1629684,0022300849,"FEB 29, 2024",CHA vs. MIL,L,30,5,8,0.625,3,6,0.5,4,6,0.667,1,4,5,3,0,1,2,3,17,-13,1
22023,1629684,0022300840,"FEB 27, 2024",CHA @ MIL,L,28,2,7,0.286,0,3,0.0,0,0,0.0,2,5,7,2,0,0,1,3,4,-31,1
22023,1629684,0022300826,"FEB 25, 2024",CHA @ POR,W,24,1,4,0.25,1,3,0.333,2,4,0.5,0,2,2,1,0,1,3,3,5,7,1
22023,1629684,0022300811,"FEB 23, 2024",CHA @ GSW,L,26,4,9,0.444,1,5,0.2,1,1,1.0,2,1,3,1,0,0,1,2,10,5,1
22023,1629684,0022300801,"FEB 22, 2024",CHA @ UTA,W,27,7,16,0.438,6,11,0.545,4,4,1.0,0,0,0,2,1,0,0,3,24,3,1
22023,1629684,0022300777,"FEB 14, 2024",CHA vs. ATL,W,27,7,12,0.583,1,5,0.2,0,0,0.0,4,6,10,2,2,0,1,2,15,10,1
22023,1629684,0022300761,"FEB 12, 2024",CHA vs. IND,W,31,6,12,0.5,2,6,0.333,7,8,0.875,0,4,4,3,0,1,2,3,21,14,1
22023,1629684,0022300751,"FEB 10, 2024",CHA vs. MEM,W,32,5,11,0.455,3,6,0.5,2,2,1.0,0,8,8,1,0,0,2,0,15,19,1
22023,1629684,0022300720,"FEB 06, 2024",DAL @ BKN,W,21,2,5,0.4,1,3,0.333,0,0,0.0,1,2,3,0,1,1,3,1,5,12,1
22023,1629684,0022300715,"FEB 05, 2024",DAL @ PHI,W,28,3,5,0.6,2,3,0.667,6,7,0.857,1,6,7,2,0,1,1,3,14,12,1
22023,1629684,0022300702,"FEB 03, 2024",DAL vs. MIL,L,23,1,6,0.167,0,2,0.0,0,0,0.0,2,3,5,1,1,0,4,2,2,13,1
22023,1629684,0022300680,"JAN 31, 2024",DAL @ MIN,L,25,1,7,0.143,0,3,0.0,0,0,0.0,1,0,1,1,1,0,1,3,2,-17,1
22023,1629684,0022300666,"JAN 29, 2024",DAL vs. ORL,W,29,1,2,0.5,1,2,0.5,0,0,0.0,0,2,2,1,0,0,2,3,3,-13,1
22023,1629684,0022300651,"JAN 27, 2024",DAL vs. SAC,L,38,9,16,0.563,7,10,0.7,2,2,1.0,3,5,8,3,3,1,0,5,27,0,1
22023,1629684,0022300634,"JAN 26, 2024",DAL @ ATL,W,28,3,6,0.5,1,3,0.333,2,2,1.0,0,5,5,4,0,0,1,4,9,5,1
22023,1629684,0022300625,"JAN 24, 2024",DAL vs. PHX,L,11,3,6,0.5,2,4,0.5,0,0,0.0,0,1,1,1,0,0,3,3,8,5,1
22023,1629684,0022300611,"JAN 22, 2024",DAL vs. BOS,L,18,1,5,0.2,0,4,0.0,0,0,0.0,0,3,3,2,0,0,0,1,2,-3,1
22023,1629684,0022300577,"JAN 17, 2024",DAL @ LAL,L,26,2,6,0.333,2,6,0.333,2,2,1.0,0,3,3,2,0,0,0,3,8,-1,1
22023,1629684,0022300556,"JAN 15, 2024",DAL vs. NOP,W,31,3,7,0.429,1,4,0.25,0,0,0.0,0,3,3,7,3,0,0,5,7,16,1
22023,1629684,0022300547,"JAN 13, 2024",DAL vs. NOP,L,14,0,2,0.0,0,2,0.0,0,0,0.0,1,0,1,1,0,1,2,5,0,-16,1
22023,1629684,0022300530,"JAN 11, 2024",DAL vs. NYK,W,27,3,7,0.429,2,6,0.333,3,3,1.0,3,3,6,3,0,1,1,3,11,-4,1
22023,1629684,0022300515,"JAN 09, 2024",DAL vs. MEM,L,7,0,2,0.0,0,0,0.0,0,0,0.0,0,0,0,0,0,0,1,1,0,-20,1
22023,1629684,0022300501,"JAN 07, 2024",DAL vs. MIN,W,20,3,5,0.6,1,3,0.333,2,2,1.0,0,2,2,0,0,2,3,3,9,-7,1
22023,1629684,0022300472,"JAN 03, 2024",DAL vs. POR,W,15,1,2,0.5,0,0,0.0,0,0,0.0,1,1,2,2,0,0,3,2,2,4,1
22023,1629684,0022300457,"JAN 01, 2024",DAL @ UTA,L,18,2,7,0.286,0,4,0.0,0,1,0.0,0,0,0,1,1,2,3,2,4,-17,1
22023,1629684,0022300444,"DEC 30, 2023",DAL @ GSW,W,19,3,3,1.0,2,2,1.0,2,2,1.0,1,5,6,0,1,0,0,1,10,2,1
22023,1629684,0022300423,"DEC 28, 2023",DAL @ MIN,L,30,3,9,0.333,2,5,0.4,0,0,0.0,0,3,3,3,1,0,2,4,8,-30,1
22023,1629684,0022300420,"DEC 27, 2023",DAL vs. CLE,L,26,2,7,0.286,0,4,0.0,0,0,0.0,2,4,6,0,2,0,0,5,4,-5,1
22023,1629684,0022300405,"DEC 25, 2023",DAL @ PHX,W,27,1,3,0.333,0,2,0.0,1,2,0.5,0,3,3,1,0,3,2,4,3,-4,1
22023,1629684,0022300398,"DEC 23, 2023",DAL vs. SAS,W,25,5,8,0.625,4,6,0.667,0,0,0.0,0,2,2,3,0,1,1,3,14,9,1
22023,1629684,0022300385,"DEC 22, 2023",DAL @ HOU,L,26,0,5,0.0,0,3,0.0,0,0,0.0,0,4,4,2,2,1,0,2,0,-28,1
22023,1629684,0022300372,"DEC 20, 2023",DAL vs. LAC,L,31,4,7,0.571,1,4,0.25,0,0,0.0,5,4,9,4,0,1,0,6,9,-18,1
22023,1629684,0022300356,"DEC 18, 2023",DAL @ DEN,L,22,3,8,0.375,1,2,0.5,0,0,0.0,1,2,3,0,0,0,0,2,7,-13,1
22023,1629684,0022300341,"DEC 16, 2023",DAL @ POR,W,31,1,4,0.25,0,3,0.0,1,1,1.0,1,3,4,3,1,1,1,4,3,0,1
22023,1629684,0022300321,"DEC 14, 2023",DAL vs. MIN,L,36,2,11,0.182,1,7,0.143,0,0,0.0,0,3,3,1,1,0,1,3,5,-14,1
22023,1629684,0022300306,"DEC 12, 2023",DAL vs. LAL,W,40,7,9,0.778,5,7,0.714,0,0,0.0,1,2,3,1,1,0,1,4,19,7,1
22023,1629684,0022300287,"DEC 02, 2023",DAL vs. OKC,L,27,1,6,0.167,0,4,0.0,3,4,0.75,1,0,1,1,0,0,0,3,5,-7,1
22023,1629684,0022300277,"DEC 01, 2023",DAL vs. MEM,L,31,4,12,0.333,3,9,0.333,5,6,0.833,2,6,8,3,1,1,1,3,16,-18,1
22023,1629684,0022300059,"NOV 28, 2023",DAL vs. HOU,W,18,0,5,0.0,0,3,0.0,0,0,0.0,0,4,4,3,0,0,2,4,0,2,1
22023,1629684,0022300244,"NOV 25, 2023",DAL @ LAC,L,35,2,3,0.667,1,2,0.5,0,0,0.0,3,1,4,1,0,0,1,4,5,-9,1
22023,1629684,0022300238,"NOV 22, 2023",DAL @ LAL,W,32,2,9,0.222,2,9,0.222,0,0,0.0,1,2,3,2,0,1,0,4,6,-7,1
22023,1629684,0022300212,"NOV 19, 2023",DAL vs. SAC,L,20,3,6,0.5,1,4,0.25,0,2,0.0,2,1,3,2,0,0,1,1,7,-7,1
22023,1629684,0022300205,"NOV 18, 2023",DAL @ MIL,L,38,5,11,0.455,4,10,0.4,0,0,0.0,3,4,7,2,0,1,1,1,14,8,1
22023,1629684,0022300192,"NOV 15, 2023",DAL @ WAS,W,36,4,13,0.308,2,7,0.286,0,0,0.0,2,1,3,7,1,0,1,1,10,14,1
22023,1629684,0022300022,"NOV 14, 2023",DAL @ NOP,L,24,3,6,0.5,3,4,0.75,1,2,0.5,0,1,1,0,0,1,2,0,10,-11,1
22023,1629684,0022300183,"NOV 12, 2023",DAL @ NOP,W,22,0,4,0.0,0,2,0.0,0,0,0.0,1,1,2,1,1,2,0,1,0,19,1
22023,1629684,0022300014,"NOV 10, 2023",DAL vs. LAC,W,16,1,2,0.5,0,1,0.0,0,0,0.0,0,2,2,1,0,0,1,4,2,3,1
22023,1629684,0022300168,"NOV 08, 2023",DAL vs. TOR,L,27,2,7,0.286,2,5,0.4,0,0,0.0,0,2,2,1,0,0,0,4,6,-4,1
22023,1629684,0022300147,"NOV 06, 2023",DAL @ ORL,W,33,5,9,0.556,2,5,0.4,1,3,0.333,1,1,2,0,0,1,0,2,13,18,1
22023,1629684,0022300143,"NOV 05, 2023",DAL vs. CHA,W,31,7,9,0.778,4,5,0.8,0,1,0.0,0,4,4,3,0,1,0,3,18,2,1
22023,1629684,0022300006,"NOV 03, 2023",DAL @ DEN,L,33,4,10,0.4,3,7,0.429,2,2,1.0,2,3,5,2,1,2,1,4,13,-21,1
22023,1629684,0022300124,"NOV 01, 2023",DAL vs. CHI,W,30,7,10,0.7,7,9,0.778,4,6,0.667,2,3,5,1,1,0,0,1,25,13,1
22023,1629684,0022300106,"OCT 30, 2023",DAL @ MEM,W,31,4,8,0.5,4,8,0.5,3,4,0.75,1,2,3,2,0,0,1,1,15,18,1
22023,1629684,0022300084,"OCT 27, 2023",DAL vs. BKN,W,29,2,6,0.333,1,4,0.25,0,0,0.0,0,6,6,0,0,0,2,5,5,-4,1
22023,1629684,0022300073,"OCT 25, 2023",DAL @ SAS,W,35,6,11,0.545,4,8,0.5,1,1,1.0,1,5,6,0,0,1,3,4,17,2,1
22023,1629610,0022301112,"APR 04, 2024",NYK vs. SAC,W,1,0,0,0.0,0,0,0.0,0,0,0.0,0,0,0,0,0,0,0,0,0,-5,1
22023,1629610,0022301082,"MAR 31, 2024",NYK vs. OKC,L,0,0,0,0.0,0,0,0.0,0,0,0.0,0,0,0,0,0,0,0,0,0,-2,1
22023,1629610,0022301053,"MAR 27, 2024",NYK @ TOR,W,7,0,2,0.0,0,2,0.0,0,0,0.0,0,0,0,3,0,0,1,0,0,7,1
22023,1629610,0022301035,"MAR 25, 2024",NYK vs. DET,W,3,1,1,1.0,1,1,1.0,0,0,0.0,0,0,0,0,0,1,1,0,3,-2,1
22023,1629610,0022300837,"FEB 27, 2024",NYK vs. NOP,L,3,0,1,0.0,0,1,0.0,0,0,0.0,0,0,0,0,0,0,0,0,0,-1,1
22023,1629610,0022300816,"FEB 24, 2024",NYK vs. BOS,L,1,0,1,0.0,0,1,0.0,0,0,0.0,0,0,0,0,0,0,0,0,0,2,1
22023,1629610,0022300794,"FEB 22, 2024",NYK @ PHI,W,0,0,0,0.0,0,0,0.0,0,0,0.0,0,0,0,0,0,0,0,0,0,0,1
22023,1629610,0022300368,"DEC 20, 2023",NYK @ BKN,W,3,2,3,0.667,0,0,0.0,0,0,0.0,0,0,0,0,0,0,0,1,4,-6,1
22023,1629610,0022300343,"DEC 16, 2023",NYK @ LAC,L,6,0,1,0.0,0,1,0.0,0,0,0.0,0,2,2,1,0,0,0,0,0,2,1
22023,1629610,0022300333,"DEC 15, 2023",NYK @ PHX,W,1,0,0,0.0,0,0,0.0,0,0,0.0,0,0,0,0,0,0,0,0,0,-1,1
22023,1629610,0022300057,"NOV 28, 2023",NYK vs. CHA,W,1,0,0,0.0,0,0,0.0,0,0,0.0,0,0,0,0,0,0,0,0,0,-1,1
22023,1629610,0022300221,"NOV 20, 2023",NYK @ MIN,L,3,0,3,0.0,0,1,0.0,0,2,0.0,0,1,1,0,0,0,0,0,0,0,1
22023,1629610,0022300028,"NOV 17, 2023",NYK @ WAS,W,2,0,0,0.0,0,0,0.0,0,0,0.0,0,0,0,0,0,0,0,0,0,1,1
22023,1629610,0022300177,"NOV 12, 2023",NYK vs. CHA,W,3,1,1,1.0,0,0,0.0,0,0,0.0,0,0,0,1,0,0,0,0,2,-7,1
22023,1629610,0022300161,"NOV 08, 2023",NYK vs. SAS,W,2,0,1,0.0,0,1,0.0,0,0,0.0,0,1,1,0,0,0,1,0,0,-2,1
22023,1629610,0022300112,"OCT 31, 2023",NYK @ CLE,W,4,0,1,0.0,0,1,0.0,0,0,0.0,0,0,0,0,0,0,0,1,0,-5,1
22023,1629610,0022300090,"OCT 28, 2023",NYK @ NOP,L,3,2,2,1.0,1,1,1.0,0,0,0.0,0,1,1,0,0,0,0,0,5,10,1
22023,1631109,0022301216,"DEC 08, 2023",CHA vs. TOR,W,20,2,4,0.5,0,0,0.0,0,0,0.0,2,1,3,1,1,2,1,2,4,5,1
22023,1631109,0022300281,"DEC 02, 2023",CHA vs. MIN,L,29,4,6,0.667,0,0,0.0,3,4,0.75,2,4,6,0,0,0,1,6,11,-8,1
22023,1631109,0022300266,"NOV 30, 2023",CHA @ BKN,W,32,5,12,0.417,0,0,0.0,2,2,1.0,5,7,12,1,1,3,0,2,12,-2,1
22023,1631109,0022300057,"NOV 28, 2023",CHA @ NYK,L,25,5,9,0.556,0,0,0.0,2,2,1.0,6,6,12,0,1,0,0,2,12,-7,1
22023,1631109,0022300248,"NOV 26, 2023",CHA @ ORL,L,22,5,6,0.833,0,0,0.0,2,2,1.0,1,5,6,1,1,1,1,4,12,-11,1
22023,1631109,0022300225,"NOV 22, 2023",CHA vs. WAS,W,35,4,10,0.4,0,0,0.0,3,6,0.5,5,10,15,0,0,3,0,4,11,6,1
22023,1631109,0022300217,"NOV 20, 2023",CHA vs. BOS,W,33,8,14,0.571,0,0,0.0,2,2,1.0,8,8,16,2,1,3,1,4,18,33,1
22023,1631109,0022300202,"NOV 18, 2023",CHA vs. NYK,L,30,3,5,0.6,0,0,0.0,1,2,0.5,2,6,8,4,0,1,1,3,7,-1,1
22023,1631109,0022300027,"NOV 17, 2023",CHA vs. MIL,L,32,4,7,0.571,0,0,0.0,3,4,0.75,6,10,16,2,1,0,0,1,11,-14,1
22023,1631109,0022300017,"NOV 14, 2023",CHA vs. MIA,L,23,5,5,1.0,0,0,0.0,1,4,0.25,4,3,7,0,1,0,0,2,11,-11,1
22023,1631109,0022300177,"NOV 12, 2023",CHA @ NYK,L,23,4,5,0.8,0,0,0.0,2,2,1.0,2,2,4,2,2,0,1,3,10,-22,1
22023,1631109,0022300009,"NOV 10, 2023",CHA @ WAS,W,30,10,21,0.476,0,0,0.0,1,2,0.5,15,9,24,3,0,0,0,0,21,19,1
22023,1631109,0022300157,"NOV 08, 2023",CHA vs. WAS,L,18,5,5,1.0,0,0,0.0,4,6,0.667,2,5,7,0,0,1,1,4,14,2,1
22023,1631109,0022300143,"NOV 05, 2023",CHA @ DAL,L,27,8,8,1.0,0,0,0.0,3,6,0.5,2,8,10,1,0,0,2,3,19,-1,1
22023,1631109,0022300133,"NOV 04, 2023",CHA @ IND,W,30,9,12,0.75,0,0,0.0,9,9,1.0,4,3,7,1,2,2,3,2,27,-3,1
22023,1631109,0022300122,"NOV 01, 2023",CHA @ HOU,L,25,3,4,0.75,0,0,0.0,3,6,0.5,3,3,6,1,2,2,1,0,9,-1,1
22023,1631109,0022300101,"OCT 30, 2023",CHA vs. BKN,L,23,8,8,1.0,0,0,0.0,2,2,1.0,1,6,7,1,0,0,1,1,18,-7,1
22023,1631109,0022300077,"OCT 27, 2023",CHA vs. DET,L,21,1,4,0.25,0,0,0.0,0,0,0.0,2,1,3,1,0,1,1,5,2,-17,1
22023,1631109,0022300063,"OCT 25, 2023",CHA vs. ATL,W,30,5,6,0.833,0,0,0.0,3,3,1.0,4,11,15,1,3,1,2,2,13,19,1
22023,1641733,0022301187,"APR 14, 2024",CHA @ CLE,W,33,9,20,0.45,6,11,0.545,0,0,0.0,1,5,6,3,1,0,1,0,24,9,1
22023,1641733,0022301173,"APR 12, 2024",CHA @ BOS,L,29,5,12,0.417,3,6,0.5,2,2,1.0,0,3,3,2,0,0,1,1,15,-19,1
22023,1641733,0022301144,"APR 09, 2024",CHA vs. DAL,L,4,0,2,0.0,0,1,0.0,0,0,0.0,0,0,0,1,1,0,1,0,0,-2,1
22023,1641733,0022301102,"APR 03, 2024",CHA vs. POR,L,18,2,9,0.222,0,2,0.0,0,0,0.0,0,3,3,1,0,0,1,1,4,-8,1
22023,1641733,0022301087,"APR 01, 2024",CHA vs. BOS,L,1,1,1,1.0,1,1,1.0,0,0,0.0,0,0,0,0,0,0,0,0,3,2,1
22023,1641733,0022301062,"MAR 29, 2024",CHA vs. GSW,L,2,0,1,0.0,0,0,0.0,0,0,0.0,0,0,0,0,0,0,0,0,0,0,1
22023,1641733,0022301033,"MAR 25, 2024",CHA @ CLE,L,3,1,1,1.0,0,0,0.0,0,0,0.0,0,0,0,0,0,0,0,0,2,-2,1
22023,1641733,0022301021,"MAR 23, 2024",CHA @ ATL,L,3,0,3,0.0,0,2,0.0,0,0,0.0,0,0,0,0,0,0,1,0,0,-4,1
22023,1641733,0022300991,"MAR 19, 2024",CHA @ ORL,L,6,3,4,0.75,2,3,0.667,0,0,0.0,0,0,0,1,0,0,1,0,8,7,1
22023,1641733,0022300969,"MAR 16, 2024",CHA @ PHI,L,7,0,2,0.0,0,1,0.0,0,0,0.0,0,1,1,0,0,0,0,1,0,6,1
22023,1641733,0022300961,"MAR 15, 2024",CHA vs. PHX,L,1,2,3,0.667,0,1,0.0,0,0,0.0,0,1,1,0,0,0,0,0,4,2,1
22023,1641733,0022300933,"MAR 11, 2024",CHA @ DET,L,15,0,4,0.0,0,2,0.0,0,0,0.0,0,2,2,1,0,0,1,2,0,-9,1
22023,1641733,0022300918,"MAR 09, 2024",CHA vs. BKN,W,17,2,4,0.5,0,1,0.0,0,0,0.0,1,0,1,3,1,0,0,3,4,9,1
22023,1641733,0022300910,"MAR 08, 2024",CHA @ WAS,L,16,0,6,0.0,0,2,0.0,0,0,0.0,0,1,1,2,0,0,0,2,0,1,1
22023,1641733,0022300777,"FEB 14, 2024",CHA vs. ATL,W,1,0,0,0.0,0,0,0.0,0,0,0.0,0,0,0,0,0,0,1,0,0,-2,1
22023,1641733,0022300745,"FEB 09, 2024",CHA @ MIL,L,24,2,10,0.2,2,8,0.25,7,8,0.875,0,3,3,3,0,0,2,0,13,0,1
22023,1641733,0022300726,"FEB 07, 2024",CHA vs. TOR,L,13,3,4,0.75,3,4,0.75,0,0,0.0,0,0,0,1,0,0,0,1,9,-11,1
22023,1641733,0022300713,"FEB 05, 2024",CHA vs. LAL,L,20,2,7,0.286,1,3,0.333,0,0,0.0,0,2,2,4,0,0,1,2,5,-5,1
22023,1641733,0022300707,"FEB 04, 2024",CHA vs. IND,L,25,1,8,0.125,0,4,0.0,0,0,0.0,1,1,2,2,2,0,0,4,2,7,1
22023,1641733,0022300695,"FEB 02, 2024",CHA @ OKC,L,21,4,10,0.4,3,4,0.75,1,1,1.0,0,0,0,0,1,0,0,4,12,3,1
22023,1641733,0022300674,"JAN 31, 2024",CHA vs. CHI,L,12,2,5,0.4,1,3,0.333,0,0,0.0,1,1,2,1,0,0,1,0,5,4,1
22023,1641733,0022300657,"JAN 29, 2024",CHA vs. NYK,L,12,2,5,0.4,2,4,0.5,0,0,0.0,0,0,0,0,0,0,0,0,6,1,1
22023,1641733,0022300647,"JAN 27, 2024",CHA vs. UTA,L,19,1,4,0.25,1,3,0.333,0,0,0.0,0,0,0,4,1,0,0,3,3,-5,1
22023,1641733,0022300635,"JAN 26, 2024",CHA vs. HOU,L,17,4,6,0.667,2,2,1.0,0,0,0.0,0,1,1,0,0,0,3,2,10,-12,1
22023,1641733,0022300619,"JAN 24, 2024",CHA @ DET,L,17,1,2,0.5,1,1,1.0,0,0,0.0,0,0,0,1,0,0,0,0,3,-7,1
22023,1641733,0022300610,"JAN 22, 2024",CHA @ MIN,W,15,3,4,0.75,2,3,0.667,0,0,0.0,0,2,2,2,0,0,2,1,8,13,1
22023,1641733,0022300593,"JAN 20, 2024",CHA vs. PHI,L,15,0,4,0.0,0,2,0.0,0,0,0.0,0,0,0,1,0,0,1,0,0,-20,1
22023,1641733,0022300584,"JAN 19, 2024",CHA vs. SAS,W,18,2,6,0.333,1,2,0.5,0,0,0.0,1,3,4,0,0,0,1,1,5,-10,1
22023,1641733,0022300575,"JAN 17, 2024",CHA @ NOP,L,17,1,5,0.2,1,2,0.5,0,0,0.0,2,1,3,3,0,0,1,1,3,-9,1
22023,1641733,0022300551,"JAN 14, 2024",CHA @ MIA,L,16,2,5,0.4,0,2,0.0,0,0,0.0,0,2,2,0,0,0,2,0,4,-19,1
22023,1641733,0022300541,"JAN 12, 2024",CHA @ SAS,L,25,4,9,0.444,1,3,0.333,0,0,0.0,2,4,6,5,0,0,1,2,9,-16,1
22023,1641733,0022300518,"JAN 10, 2024",CHA vs. SAC,L,25,4,15,0.267,2,8,0.25,1,2,0.5,0,3,3,1,0,0,2,3,11,-22,1
22023,1641733,0022300506,"JAN 08, 2024",CHA vs. CHI,L,32,6,15,0.4,3,6,0.5,0,0,0.0,2,2,4,3,1,0,3,2,15,-4,1
22023,1641733,0022300484,"JAN 05, 2024",CHA @ CHI,L,16,4,6,0.667,2,2,1.0,0,0,0.0,0,2,2,0,1,0,1,0,10,-9,1
22023,1641733,0022300464,"JAN 02, 2024",CHA @ SAC,W,14,2,3,0.667,2,3,0.667,0,0,0.0,0,0,0,1,0,2,0,1,6,-2,1
22023,1641733,0022300455,"JAN 01, 2024",CHA @ DEN,L,19,2,8,0.25,1,3,0.333,0,0,0.0,2,1,3,2,0,1,2,2,5,10,1
22023,1641733,0022300436,"DEC 29, 2023",CHA @ PHX,L,13,4,7,0.571,2,4,0.5,0,0,0.0,1,1,2,1,0,0,1,1,10,-1,1
22023,1641733,0022300428,"DEC 28, 2023",CHA @ LAL,L,18,2,4,0.5,2,2,1.0,0,0,0.0,0,3,3,4,0,1,2,1,6,-1,1
22023,1641733,0022300414,"DEC 26, 2023",CHA @ LAC,L,12,2,5,0.4,1,4,0.25,0,0,0.0,0,0,0,1,0,0,0,3,5,-10,1
22023,1641733,0022300390,"DEC 23, 2023",CHA vs. DEN,L,25,6,12,0.5,5,7,0.714,2,2,1.0,1,2,3,2,0,0,1,2,19,6,1
22023,1641733,0022300365,"DEC 20, 2023",CHA @ IND,L,6,3,6,0.5,0,3,0.0,0,0,0.0,0,0,0,0,0,0,1,0,6,-5,1
22023,1641733,0022300354,"DEC 18, 2023",CHA @ TOR,L,20,3,9,0.333,1,5,0.2,0,0,0.0,0,1,1,0,0,1,1,2,7,-12,1
22023,1641733,0022300335,"DEC 16, 2023",CHA vs. PHI,L,26,4,8,0.5,1,4,0.25,0,0,0.0,1,0,1,1,0,0,0,2,9,-35,1
22023,1641733,0022300266,"NOV 30, 2023",CHA @ BKN,W,14,3,4,0.75,3,3,1.0,0,0,0.0,1,0,1,0,0,1,0,2,9,4,1
22023,1641733,0022300057,"NOV 28, 2023",CHA @ NYK,L,5,3,4,0.75,2,2,1.0,0,0,0.0,0,0,0,0,0,0,0,0,8,-1,1
22023,1641733,0022300225,"NOV 22, 2023",CHA vs. WAS,W,1,1,1,1.0,0,0,0.0,0,0,0.0,0,0,0,0,0,0,0,1,2,-6,1
22023,1641733,0022300027,"NOV 17, 2023",CHA vs. MIL,L,9,1,6,0.167,0,1,0.0,0,0,0.0,1,1,2,0,0,1,1,1,2,-18,1
22023,1641733,0022300017,"NOV 14, 2023",CHA vs. MIA,L,15,1,2,0.5,1,1,1.0,0,0,0.0,0,1,1,0,0,0,0,1,3,-2,1
22023,1641733,0022300177,"NOV 12, 2023",CHA @ NYK,L,8,1,6,0.167,1,4,0.25,0,0,0.0,0,0,0,2,0,0,0,0,3,6,1
22023,1641733,0022300157,"NOV 08, 2023",CHA vs. WAS,L,4,2,2,1.0,1,1,1.0,0,0,0.0,0,1,1,0,1,0,1,0,5,4,1
22023,1641733,0022300063,"OCT 25, 2023",CHA vs. ATL,W,1,0,0,0.0,0,0,0.0,0,0,0.0,0,0,0,0,0,0,0,0,0,0,1
22023,1630182,0022301196,"APR 14, 2024",DAL @ OKC,L,31,1,8,0.125,0,4,0.0,2,2,1.0,1,2,3,3,0,0,1,0,4,-44,1
22023,1630182,0022301181,"APR 12, 2024",DAL vs. DET,L,23,2,6,0.333,0,3,0.0,0,0,0.0,0,3,3,0,1,0,2,0,4,-14,1
22023,1630182,0022301161,"APR 10, 2024",DAL @ MIA,W,14,1,5,0.2,1,3,0.333,0,0,0.0,1,3,4,2,1,0,0,2,3,7,1
22023,1630182,0022300959,"MAR 14, 2024",DAL @ OKC,L,4,1,2,0.5,0,1,0.0,0,0,0.0,0,0,0,0,0,0,1,0,2,1,1
22023,1630182,0022300952,"MAR 13, 2024",DAL vs. GSW,W,24,5,6,0.833,1,2,0.5,0,0,0.0,2,3,5,0,0,0,1,4,11,-8,1
22023,1630182,0022300935,"MAR 11, 2024",DAL @ CHI,W,23,2,3,0.667,1,2,0.5,0,0,0.0,0,3,3,3,0,0,0,0,5,26,1
22023,1630182,0022300919,"MAR 09, 2024",DAL @ DET,W,27,2,5,0.4,0,1,0.0,4,5,0.8,0,1,1,2,2,0,0,3,8,9,1
22023,1630182,0022300904,"MAR 07, 2024",DAL vs. MIA,W,19,1,3,0.333,0,2,0.0,0,0,0.0,1,1,2,2,1,1,0,0,2,-3,1
22023,1630182,0022300892,"MAR 05, 2024",DAL vs. IND,L,26,3,7,0.429,0,1,0.0,0,0,0.0,1,1,2,0,1,1,2,3,6,-9,1
22023,1630182,0022300871,"MAR 03, 2024",DAL vs. PHI,L,20,3,6,0.5,1,2,0.5,0,0,0.0,2,4,6,1,1,0,2,1,7,-7,1
22023,1630182,0022300859,"MAR 01, 2024",DAL @ BOS,L,28,1,5,0.2,0,2,0.0,0,0,0.0,1,2,3,2,0,0,0,2,2,-16,1
22023,1630182,0022300844,"FEB 28, 2024",DAL @ TOR,W,31,2,4,0.5,1,3,0.333,0,0,0.0,2,4,6,1,0,0,2,1,5,1,1
22023,1630182,0022300832,"FEB 27, 2024",DAL @ CLE,L,29,3,8,0.375,1,5,0.2,0,0,0.0,0,1,1,1,4,0,0,1,7,-11,1
22023,1630182,0022300819,"FEB 25, 2024",DAL @ IND,L,32,6,8,0.75,2,3,0.667,0,0,0.0,2,3,5,1,2,0,2,1,14,-16,1
22023,1630182,0022300796,"FEB 22, 2024",DAL vs. PHX,W,25,3,7,0.429,3,5,0.6,0,0,0.0,1,1,2,5,2,0,2,4,9,4,1
22023,1630182,0022300785,"FEB 14, 2024",DAL vs. SAS,W,18,3,4,0.75,2,2,1.0,0,0,0.0,1,2,3,2,0,0,0,2,8,12,1
22023,1630182,0022300768,"FEB 12, 2024",DAL vs. WAS,W,29,5,8,0.625,1,3,0.333,2,3,0.667,1,3,4,2,2,1,0,4,13,3,1
22023,1630182,0022300748,"FEB 10, 2024",DAL vs. OKC,W,27,2,4,0.5,0,1,0.0,2,2,1.0,0,2,2,2,2,0,1,3,6,20,1
22023,1630182,0022300736,"FEB 08, 2024",DAL @ NYK,W,32,5,9,0.556,2,5,0.4,3,3,1.0,1,5,6,3,1,1,0,2,15,5,1
22023,1630182,0022300720,"FEB 06, 2024",DAL @ BKN,W,33,5,11,0.455,2,5,0.4,0,0,0.0,1,1,2,3,0,0,1,1,12,-5,1
22023,1630182,0022300715,"FEB 05, 2024",DAL @ PHI,W,32,6,9,0.667,4,7,0.571,4,4,1.0,1,5,6,4,2,0,1,0,20,15,1
22023,1630182,0022300702,"FEB 03, 2024",DAL vs. MIL,L,38,7,12,0.583,4,8,0.5,2,2,1.0,0,9,9,3,1,0,3,0,20,-29,1
22023,1630182,0022300680,"JAN 31, 2024",DAL @ MIN,L,29,8,13,0.615,2,3,0.667,0,0,0.0,0,2,2,1,0,0,1,4,18,-19,1
22023,1630182,0022300666,"JAN 29, 2024",DAL vs. ORL,W,33,1,6,0.167,0,3,0.0,0,0,0.0,0,2,2,1,1,0,2,5,2,-18,1
22023,1630182,0022300651,"JAN 27, 2024",DAL vs. SAC,L,33,4,9,0.444,2,6,0.333,1,2,0.5,0,3,3,5,0,0,2,2,11,-14,1
22023,1630182,0022300634,"JAN 26, 2024",DAL @ ATL,W,35,8,12,0.667,4,5,0.8,1,2,0.5,1,1,2,4,0,0,3,5,21,9,1
22023,1630182,0022300625,"JAN 24, 2024",DAL vs. PHX,L,31,3,8,0.375,2,6,0.333,0,0,0.0,3,1,4,3,0,0,1,1,8,-13,1
22023,1630182,0022300611,"JAN 22, 2024",DAL vs. BOS,L,38,5,11,0.455,4,7,0.571,0,0,0.0,1,6,7,1,0,0,3,4,14,-9,1
22023,1630182,0022300556,"JAN 15, 2024",DAL vs. NOP,W,30,4,8,0.5,3,5,0.6,2,6,0.333,1,3,4,3,0,0,1,5,13,14,1
22023,1630182,0022300547,"JAN 13, 2024",DAL vs. NOP,L,32,3,8,0.375,1,3,0.333,2,2,1.0,2,4,6,4,0,0,3,2,9,-3,1
22023,1630182,0022300530,"JAN 11, 2024",DAL vs. NYK,W,35,8,12,0.667,2,4,0.5,0,2,0.0,0,2,2,3,1,0,0,2,18,-15,1
22023,1630182,0022300515,"JAN 09, 2024",DAL vs. MEM,L,23,0,3,0.0,0,1,0.0,0,0,0.0,1,2,3,0,0,1,0,1,0,1,1
22023,1630182,0022300501,"JAN 07, 2024",DAL vs. MIN,W,31,2,3,0.667,0,1,0.0,0,0,0.0,0,5,5,1,0,1,0,2,4,-2,1
22023,1630182,0022300487,"JAN 05, 2024",DAL vs. POR,W,25,7,8,0.875,0,0,0.0,0,0,0.0,2,3,5,5,1,0,1,0,14,28,1
22023,1630182,0022300472,"JAN 03, 2024",DAL vs. POR,W,27,3,5,0.6,0,2,0.0,2,2,1.0,0,4,4,1,2,0,0,4,8,22,1
22023,1630182,0022300457,"JAN 01, 2024",DAL @ UTA,L,21,0,4,0.0,0,1,0.0,0,0,0.0,0,2,2,1,0,0,2,4,0,-21,1
22023,1630182,0022300444,"DEC 30, 2023",DAL @ GSW,W,25,6,8,0.75,3,4,0.75,3,3,1.0,0,0,0,2,0,0,1,0,18,2,1
22023,1630182,0022300423,"DEC 28, 2023",DAL @ MIN,L,15,1,3,0.333,0,1,0.0,0,0,0.0,0,0,0,5,0,0,1,0,2,-7,1
22023,1630182,0022300420,"DEC 27, 2023",DAL vs. CLE,L,21,1,4,0.25,0,2,0.0,0,0,0.0,0,3,3,5,2,0,1,1,2,12,1
22023,1630182,0022300277,"DEC 01, 2023",DAL vs. MEM,L,31,4,10,0.4,1,3,0.333,1,1,1.0,0,2,2,5,3,0,3,0,10,-6,1
22023,1630182,0022300059,"NOV 28, 2023",DAL vs. HOU,W,30,2,4,0.5,1,1,1.0,0,0,0.0,1,6,7,2,0,1,1,4,5,12,1
22023,1630182,0022300244,"NOV 25, 2023",DAL @ LAC,L,9,0,2,0.0,0,1,0.0,0,0,0.0,0,1,1,1,0,0,0,2,0,-15,1
22023,1630182,0022300238,"NOV 22, 2023",DAL @ LAL,W,22,6,10,0.6,3,6,0.5,0,0,0.0,0,3,3,1,0,0,0,1,15,10,1
22023,1630182,0022300212,"NOV 19, 2023",DAL vs. SAC,L,26,4,8,0.5,2,5,0.4,1,2,0.5,1,3,4,5,2,0,1,2,11,-1,1
22023,1630182,0022300205,"NOV 18, 2023",DAL @ MIL,L,20,1,3,0.333,1,3,0.333,0,0,0.0,1,3,4,3,0,0,0,1,3,-27,1
22023,1630182,0022300192,"NOV 15, 2023",DAL @ WAS,W,37,0,4,0.0,0,4,0.0,0,0,0.0,1,3,4,1,1,0,0,1,0,12,1
22023,1630182,0022300022,"NOV 14, 2023",DAL @ NOP,L,28,1,3,0.333,0,2,0.0,0,0,0.0,1,4,5,4,0,0,2,1,2,-14,1
22023,1630182,0022300183,"NOV 12, 2023",DAL @ NOP,W,28,5,11,0.455,3,7,0.429,0,0,0.0,0,2,2,3,2,0,1,1,13,11,1
22023,1630182,0022300014,"NOV 10, 2023",DAL vs. LAC,W,18,1,4,0.25,1,4,0.25,0,0,0.0,0,0,0,3,0,0,0,2,3,-15,1
22023,1630182,0022300168,"NOV 08, 2023",DAL vs. TOR,L,18,1,3,0.333,1,2,0.5,0,0,0.0,0,1,1,2,0,1,1,2,3,-21,1
22023,1630182,0022300147,"NOV 06, 2023",DAL @ ORL,W,20,2,3,0.667,1,2,0.5,1,2,0.5,0,2,2,1,1,0,1,3,6,10,1
22023,1630182,0022300143,"NOV 05, 2023",DAL vs. CHA,W,24,3,9,0.333,1,4,0.25,0,2,0.0,0,2,2,3,1,1,1,1,7,2,1
22023,1630182,0022300006,"NOV 03, 2023",DAL @ DEN,L,27,5,8,0.625,3,5,0.6,0,0,0.0,1,4,5,2,2,0,0,2,13,4,1
22023,1630182,0022300124,"NOV 01, 2023",DAL vs. CHI,W,26,1,5,0.2,1,5,0.2,0,0,0.0,0,3,3,1,0,0,2,2,3,14,1
22023,1630182,0022300106,"OCT 30, 2023",DAL @ MEM,W,34,5,10,0.5,2,4,0.5,0,0,0.0,1,1,2,3,1,0,1,0,12,4,1
22023,1630182,0022300084,"OCT 27, 2023",DAL vs. BKN,W,28,2,7,0.286,0,3,0.0,3,6,0.5,1,2,3,2,3,0,3,2,7,8,1
22023,1630182,0022300073,"OCT 25, 2023",DAL @ SAS,W,30,3,5,0.6,2,2,1.0,3,4,0.75,2,0,2,1,1,0,0,4,11,4,1
22023,1628998,0022300858,"MAR 01, 2024",CHA @ PHI,L,32,4,9,0.444,1,4,0.25,3,3,1.0,1,3,4,2,0,2,1,2,12,2,1
22023,1628998,0022300849,"FEB 29, 2024",CHA vs. MIL,L,29,2,6,0.333,1,3,0.333,0,0,0.0,1,1,2,5,0,2,1,3,5,-2,1
22023,1628998,0022300840,"FEB 27, 2024",CHA @ MIL,L,22,1,7,0.143,0,3,0.0,0,0,0.0,0,6,6,7,0,0,1,2,2,-23,1
22023,1628998,0022300826,"FEB 25, 2024",CHA @ POR,W,31,4,8,0.5,1,3,0.333,2,2,1.0,1,5,6,10,2,1,2,0,11,10,1
22023,1628998,0022300811,"FEB 23, 2024",CHA @ GSW,L,28,3,9,0.333,1,5,0.2,0,0,0.0,0,3,3,3,4,0,1,1,7,-13,1
22023,1628998,0022300801,"FEB 22, 2024",CHA @ UTA,W,31,2,7,0.286,1,3,0.333,0,0,0.0,0,5,5,2,3,1,3,3,5,0,1
22023,1628998,0022300777,"FEB 14, 2024",CHA vs. ATL,W,30,3,6,0.5,0,1,0.0,0,0,0.0,2,5,7,4,1,0,1,0,6,33,1
22023,1628998,0022300761,"FEB 12, 2024",CHA vs. IND,W,30,5,8,0.625,1,2,0.5,0,0,0.0,0,5,5,2,1,1,3,2,11,-4,1
22023,1628998,0022300751,"FEB 10, 2024",CHA vs. MEM,W,28,2,7,0.286,1,3,0.333,0,0,0.0,0,7,7,2,0,0,4,0,5,5,1
22023,1628998,0022300745,"FEB 09, 2024",CHA @ MIL,L,24,2,9,0.222,0,3,0.0,1,2,0.5,1,4,5,5,0,0,3,2,5,-36,1
22023,1628998,0022300726,"FEB 07, 2024",CHA vs. TOR,L,28,7,13,0.538,3,5,0.6,2,3,0.667,0,5,5,8,2,0,1,3,19,-1,1
22023,1628998,0022300695,"FEB 02, 2024",CHA @ OKC,L,21,3,5,0.6,1,3,0.333,0,0,0.0,0,1,1,4,0,0,1,0,7,-19,1
22023,1628998,0022300674,"JAN 31, 2024",CHA vs. CHI,L,28,3,10,0.3,1,2,0.5,0,1,0.0,0,1,1,6,0,0,3,3,7,0,1
22023,1628998,0022300657,"JAN 29, 2024",CHA vs. NYK,L,31,5,10,0.5,3,5,0.6,1,1,1.0,0,6,6,8,1,0,5,2,14,-3,1
22023,1628998,0022300647,"JAN 27, 2024",CHA vs. UTA,L,29,3,8,0.375,1,3,0.333,2,4,0.5,0,7,7,6,0,0,1,2,9,-14,1
22023,1628998,0022300635,"JAN 26, 2024",CHA vs. HOU,L,19,3,8,0.375,0,1,0.0,0,1,0.0,0,1,1,0,0,0,0,2,6,-14,1
22023,1628998,0022300619,"JAN 24, 2024",CHA @ DET,L,25,1,4,0.25,0,2,0.0,3,4,0.75,1,2,3,3,1,0,0,2,5,-5,1
22023,1628998,0022300593,"JAN 20, 2024",CHA vs. PHI,L,29,2,7,0.286,0,3,0.0,0,0,0.0,0,6,6,3,1,4,2,2,4,-11,1
22023,1628998,0022300584,"JAN 19, 2024",CHA vs. SAS,W,25,2,5,0.4,1,1,1.0,0,0,0.0,1,2,3,3,2,1,2,3,5,6,1
22023,1628998,0022300575,"JAN 17, 2024",CHA @ NOP,L,28,2,9,0.222,1,5,0.2,2,2,1.0,1,3,4,4,2,0,0,2,7,-15,1
22023,1628998,0022300551,"JAN 14, 2024",CHA @ MIA,L,23,1,3,0.333,1,2,0.5,0,0,0.0,2,0,2,2,0,2,3,1,3,-8,1
22023,1628998,0022300484,"JAN 05, 2024",CHA @ CHI,L,36,5,11,0.455,3,7,0.429,0,0,0.0,2,3,5,2,2,0,1,4,13,-14,1
22023,1628998,0022300464,"JAN 02, 2024",CHA @ SAC,W,33,4,10,0.4,1,5,0.2,1,2,0.5,0,2,2,2,1,0,1,2,10,-8,1
22023,1628998,0022300455,"JAN 01, 2024",CHA @ DEN,L,25,0,6,0.0,0,3,0.0,2,4,0.5,1,2,3,6,2,2,0,0,2,-2,1
22023,1628998,0022300436,"DEC 29, 2023",CHA @ PHX,L,27,5,10,0.5,3,4,0.75,0,0,0.0,3,1,4,1,2,1,1,1,13,-10,1
22023,1628998,0022300428,"DEC 28, 2023",CHA @ LAL,L,20,2,7,0.286,0,3,0.0,1,4,0.25,2,2,4,2,1,0,2,1,5,-19,1
22023,1628998,0022300414,"DEC 26, 2023",CHA @ LAC,L,25,3,8,0.375,1,2,0.5,0,0,0.0,0,2,2,2,4,1,0,2,7,3,1
22023,1628998,0022300390,"DEC 23, 2023",CHA vs. DEN,L,17,3,5,0.6,0,0,0.0,0,0,0.0,0,0,0,0,0,0,1,1,6,5,1
22023,1629006,0022301194,"APR 14, 2024",PHX @ MIN,W,5,2,3,0.667,1,1,1.0,0,0,0.0,1,0,1,0,1,0,0,0,5,-5,1
22023,1629006,0022301165,"APR 10, 2024",PHX @ LAC,W,1,0,0,0.0,0,0,0.0,0,0,0.0,0,1,1,0,0,1,0,0,0,2,1
22023,1629006,0022301156,"APR 09, 2024",PHX vs. LAC,L,1,0,0,0.0,0,0,0.0,0,0,0.0,0,0,0,0,0,0,0,0,0,2,1
22023,1629006,0022301125,"APR 05, 2024",PHX vs. MIN,W,4,0,0,0.0,0,0,0.0,0,0,0.0,0,1,1,0,0,0,1,0,0,-12,1
22023,1629006,0022301069,"MAR 29, 2024",PHX @ OKC,L,14,1,2,0.5,1,2,0.5,2,2,1.0,1,1,2,1,0,1,1,2,5,-1,1
22023,1629006,0022301025,"MAR 23, 2024",PHX @ SAS,W,10,0,2,0.0,0,0,0.0,0,0,0.0,1,0,1,1,0,0,1,1,0,-4,1
22023,1629006,0022300870,"MAR 02, 2024",PHX vs. HOU,L,17,2,3,0.667,0,1,0.0,3,3,1.0,1,2,3,2,1,0,1,1,7,14,1
22023,1629006,0022300854,"FEB 29, 2024",PHX vs. HOU,W,11,1,4,0.25,1,2,0.5,0,0,0.0,2,0,2,0,1,0,0,0,3,-9,1
22023,1629006,0022300818,"FEB 25, 2024",PHX vs. LAL,W,5,0,0,0.0,0,0,0.0,0,0,0.0,1,0,1,1,0,0,1,1,0,-3,1
22023,1629006,0022300806,"FEB 23, 2024",PHX @ HOU,L,12,0,2,0.0,0,1,0.0,0,0,0.0,1,2,3,3,1,0,2,0,0,10,1
22023,1629006,0022300796,"FEB 22, 2024",PHX @ DAL,L,19,4,7,0.571,2,4,0.5,1,2,0.5,4,0,4,1,0,0,2,1,11,-15,1
22023,1629006,0022300787,"FEB 14, 2024",PHX vs. DET,W,18,0,3,0.0,0,2,0.0,2,2,1.0,1,1,2,0,1,1,0,1,2,3,1
22023,1629006,0022300774,"FEB 13, 2024",PHX vs. SAC,W,19,1,4,0.25,1,1,1.0,4,4,1.0,1,1,2,1,1,0,2,0,7,3,1
22023,1629006,0022300757,"FEB 10, 2024",PHX @ GSW,L,10,3,3,1.0,2,2,1.0,0,0,0.0,1,0,1,1,1,1,0,0,8,-6,1
22023,1629006,0022300739,"FEB 08, 2024",PHX vs. UTA,W,14,2,4,0.5,0,1,0.0,0,0,0.0,3,0,3,1,1,0,1,0,4,2,1
22023,1629006,0022300725,"FEB 06, 2024",PHX vs. MIL,W,4,0,0,0.0,0,0,0.0,0,0,0.0,0,0,0,0,0,0,0,0,0,-11,1
22023,1629006,0022300705,"FEB 04, 2024",PHX @ WAS,W,16,2,2,1.0,0,0,0.0,0,0,0.0,2,0,2,0,1,0,1,0,4,8,1
22023,1629006,0022300690,"FEB 02, 2024",PHX @ ATL,L,15,1,3,0.333,1,1,1.0,0,0,0.0,0,0,0,0,0,1,0,0,3,-12,1
22023,1629006,0022300677,"JAN 31, 2024",PHX @ BKN,W,26,4,6,0.667,1,3,0.333,2,3,0.667,1,6,7,1,1,0,0,1,11,5,1
22023,1629006,0022300661,"JAN 29, 2024",PHX @ MIA,W,18,4,5,0.8,2,2,1.0,1,3,0.333,3,4,7,0,1,1,0,1,11,4,1
22023,1629006,0022300655,"JAN 28, 2024",PHX @ ORL,L,6,0,1,0.0,0,0,0.0,0,0,0.0,0,2,2,0,0,0,0,0,0,2,1
22023,1629006,0022300636,"JAN 26, 2024",PHX @ IND,L,13,0,1,0.0,0,0,0.0,0,0,0.0,2,1,3,1,1,0,0,1,0,-1,1
22023,1629006,0022300625,"JAN 24, 2024",PHX @ DAL,W,24,2,7,0.286,1,3,0.333,1,1,1.0,1,3,4,3,2,1,2,2,6,15,1
22023,1629006,0022300612,"JAN 22, 2024",PHX vs. CHI,W,14,1,3,0.333,0,2,0.0,2,4,0.5,1,2,3,0,1,0,0,1,4,-4,1
22023,1629006,0022300604,"JAN 21, 2024",PHX vs. IND,W,15,0,1,0.0,0,1,0.0,0,0,0.0,1,1,2,2,1,0,0,0,0,-14,1
22023,1629006,0022300588,"JAN 19, 2024",PHX @ NOP,W,6,1,1,1.0,1,1,1.0,0,2,0.0,1,2,3,2,0,0,0,0,3,12,1
22023,1629006,0022300567,"JAN 16, 2024",PHX vs. SAC,W,16,1,3,0.333,0,0,0.0,0,0,0.0,0,2,2,0,0,1,0,1,2,-9,1
22023,1629006,0022300554,"JAN 14, 2024",PHX @ POR,W,7,0,0,0.0,0,0,0.0,0,0,0.0,0,1,1,0,0,0,0,1,0,-6,1
22023,1629006,0022300531,"JAN 11, 2024",PHX @ LAL,W,12,2,4,0.5,0,2,0.0,1,2,0.5,0,0,0,0,1,0,0,1,5,-3,1
22023,1629006,0022300511,"JAN 08, 2024",PHX @ LAC,L,18,2,3,0.667,0,1,0.0,0,0,0.0,1,0,1,2,3,0,0,2,4,-12,1
22023,1629006,0022300503,"JAN 07, 2024",PHX vs. MEM,L,14,2,5,0.4,0,2,0.0,2,2,1.0,0,1,1,2,2,0,0,5,6,12,1
22023,1629006,0022300489,"JAN 05, 2024",PHX vs. MIA,W,24,0,2,0.0,0,1,0.0,7,8,0.875,1,1,2,4,3,2,0,5,7,4,1
22023,1629006,0022300473,"JAN 03, 2024",PHX vs. LAC,L,16,2,3,0.667,1,2,0.5,0,0,0.0,1,1,2,1,0,1,1,2,5,8,1
22023,1629006,0022300456,"JAN 01, 2024",PHX vs. POR,W,18,1,2,0.5,0,0,0.0,1,2,0.5,0,2,2,3,0,1,1,1,3,8,1
22023,1629006,0022300450,"DEC 31, 2023",PHX vs. ORL,W,7,0,2,0.0,0,1,0.0,0,0,0.0,1,1,2,2,0,0,0,3,0,-8,1
22023,1629006,0022300418,"DEC 27, 2023",PHX @ HOU,W,10,0,2,0.0,0,1,0.0,0,0,0.0,1,0,1,0,0,0,0,1,0,5,1
22023,1629006,0022300405,"DEC 25, 2023",PHX vs. DAL,L,12,0,5,0.0,0,3,0.0,1,2,0.5,1,1,2,2,1,0,0,2,1,-7,1
22023,1629006,0022300308,"DEC 12, 2023",PHX vs. GSW,W,11,3,4,0.75,3,4,0.75,1,2,0.5,1,1,2,2,0,1,0,1,10,6,1
22023,1629006,0022301228,"DEC 08, 2023",PHX vs. SAC,L,29,0,5,0.0,0,3,0.0,0,0,0.0,2,0,2,3,2,2,1,3,0,3,1
22023,1629006,0022301203,"DEC 05, 2023",PHX @ LAL,L,9,0,1,0.0,0,1,0.0,0,0,0.0,0,1,1,0,1,0,0,0,0,-11,1
22023,1629006,0022300288,"DEC 02, 2023",PHX vs. MEM,W,26,1,2,0.5,0,1,0.0,1,6,0.167,3,4,7,1,3,1,1,2,3,12,1
22023,1629006,0022300279,"DEC 01, 2023",PHX vs. DEN,L,26,5,9,0.556,1,5,0.2,2,2,1.0,2,2,4,0,1,2,2,3,13,4,1
22023,1629006,0022300260,"NOV 29, 2023",PHX @ TOR,L,24,2,4,0.5,0,0,0.0,6,6,1.0,4,3,7,2,0,0,0,1,10,1,1
22023,1629006,0022300247,"NOV 26, 2023",PHX @ NYK,W,17,0,5,0.0,0,3,0.0,3,4,0.75,1,3,4,2,1,0,2,3,3,-3,1
22023,1629006,0022300044,"NOV 24, 2023",PHX @ MEM,W,28,2,9,0.222,1,4,0.25,0,1,0.0,1,6,7,3,1,0,0,1,5,22,1
22023,1629006,0022300236,"NOV 22, 2023",PHX vs. GSW,W,27,4,5,0.8,1,2,0.5,3,4,0.75,1,1,2,0,1,1,1,1,12,-1,1
22023,1629006,0022300041,"NOV 21, 2023",PHX vs. POR,W,13,0,0,0.0,0,0,0.0,2,2,1.0,1,2,3,1,1,0,1,0,2,9,1
22023,1629006,0022300214,"NOV 19, 2023",PHX @ UTA,W,14,1,2,0.5,1,2,0.5,0,0,0.0,2,1,3,0,3,0,1,1,3,-10,1
22023,1629006,0022300035,"NOV 17, 2023",PHX @ UTA,W,13,0,1,0.0,0,0,0.0,1,2,0.5,1,0,1,0,0,0,1,2,1,-14,1
22023,1629006,0022300197,"NOV 15, 2023",PHX vs. MIN,W,19,4,5,0.8,3,3,1.0,1,2,0.5,0,0,0,1,0,0,0,1,12,11,1
22023,1629006,0022300185,"NOV 12, 2023",PHX vs. OKC,L,21,0,3,0.0,0,2,0.0,8,8,1.0,1,1,2,1,0,1,1,1,8,-8,1
22023,1629006,0022300015,"NOV 10, 2023",PHX vs. LAL,L,13,0,4,0.0,0,4,0.0,2,2,1.0,2,4,6,1,0,0,0,0,2,7,1
22023,1629006,0022300162,"NOV 08, 2023",PHX @ CHI,W,18,3,6,0.5,0,2,0.0,1,2,0.5,2,0,2,0,1,0,0,2,7,-18,1
22023,1629006,0022300140,"NOV 05, 2023",PHX @ DET,W,29,3,6,0.5,0,1,0.0,4,5,0.8,4,3,7,2,2,0,2,1,10,9,1
22023,1629006,0022300132,"NOV 04, 2023",PHX @ PHI,L,26,2,7,0.286,0,2,0.0,0,0,0.0,1,0,1,2,2,1,1,0,4,-12,1
22023,1629006,0022300131,"NOV 02, 2023",PHX vs. SAS,L,12,0,2,0.0,0,1,0.0,0,0,0.0,0,1,1,0,2,0,0,0,0,-4,1
22023,1629006,0022300113,"OCT 31, 2023",PHX vs. SAS,L,30,3,10,0.3,1,4,0.25,4,5,0.8,1,1,2,2,0,2,2,1,11,-3,1
22023,1629006,0022300094,"OCT 28, 2023",PHX vs. UTA,W,23,2,4,0.5,0,2,0.0,3,3,1.0,0,1,1,0,0,0,0,3,7,25,1
22023,1629006,0022300076,"OCT 26, 2023",PHX @ LAL,L,33,3,5,0.6,2,4,0.5,2,2,1.0,4,4,8,3,0,1,1,2,10,5,1
22023,1629006,0022300062,"OCT 24, 2023",PHX @ GSW,W,32,7,9,0.778,1,1,1.0,2,2,1.0,4,1,5,1,1,0,2,2,17,2,1
22023,1631217,0022300865,"MAR 01, 2024",LAC vs. WAS,W,7,1,1,1.0,0,0,0.0,0,2,0.0,1,3,4,0,1,1,0,0,2,1,1
22023,1631217,0022300458,"JAN 01, 2024",LAC vs. MIA,W,3,0,0,0.0,0,0,0.0,0,0,0.0,0,1,1,0,0,0,0,0,0,-3,1
22023,1631217,0022300273,"NOV 30, 2023",LAC @ GSW,L,1,0,0,0.0,0,0,0.0,2,2,1.0,0,0,0,0,0,0,0,0,2,2,1
22023,1631217,0022300244,"NOV 25, 2023",LAC vs. DAL,W,5,0,2,0.0,0,0,0.0,1,2,0.5,2,0,2,0,1,0,0,0,1,-1,1
22023,1631217,0022300223,"NOV 20, 2023",LAC @ SAS,W,4,1,2,0.5,0,0,0.0,1,2,0.5,2,0,2,0,1,0,0,0,3,3,1
22023,1631217,0022300179,"NOV 12, 2023",LAC vs. MEM,L,11,1,2,0.5,0,0,0.0,0,0,0.0,1,2,3,0,0,0,0,1,2,-6,1
22023,1631217,0022300014,"NOV 10, 2023",LAC @ DAL,L,16,4,6,0.667,0,0,0.0,3,4,0.75,6,3,9,0,0,0,0,3,11,2,1
22023,1631217,0022300151,"NOV 06, 2023",LAC @ NYK,L,6,1,1,1.0,0,0,0.0,2,2,1.0,0,0,0,0,0,0,0,0,4,-2,1
22023,1631217,0022300114,"OCT 31, 2023",LAC vs. ORL,W,3,1,2,0.5,0,0,0.0,0,0,0.0,1,0,1,2,0,0,1,0,2,2,1
22023,1631217,0022300099,"OCT 29, 2023",LAC vs. SAS,W,5,0,0,0.0,0,0,0.0,0,0,0.0,1,0,1,2,0,0,1,0,0,10,1
22023,1631217,0022300074,"OCT 25, 2023",LAC vs. POR,W,4,1,3,0.333,0,0,0.0,0,0,0.0,1,0,1,0,2,0,0,0,2,-10,1
22023,1631209,0022301089,"APR 01, 2024",IND vs. BKN,W,4,1,3,0.333,0,1,0.0,0,0,0.0,0,0,0,0,0,0,0,0,2,-5,1
22023,203995,0022301187,"APR 14, 2024",CHA @ CLE,W,10,1,4,0.25,1,3,0.333,0,0,0.0,0,1,1,4,0,0,1,0,3,-8,1
22023,203995,0022301173,"APR 12, 2024",CHA @ BOS,L,16,2,5,0.4,1,2,0.5,0,0,0.0,0,1,1,3,0,0,3,1,5,-21,1
22023,203995,0022301159,"APR 10, 2024",CHA @ ATL,W,22,0,3,0.0,0,2,0.0,2,2,1.0,0,2,2,5,1,0,2,0,2,-14,1
22023,203995,0022301144,"APR 09, 2024",CHA vs. DAL,L,26,3,10,0.3,0,3,0.0,0,0,0.0,0,2,2,4,1,1,2,3,6,-26,1
22023,203995,0022301135,"APR 07, 2024",CHA vs. OKC,L,31,6,12,0.5,4,7,0.571,1,2,0.5,0,1,1,10,1,0,4,2,17,-3,1
22023,203995,0022301115,"APR 05, 2024",CHA vs. ORL,W,35,4,9,0.444,1,5,0.2,5,5,1.0,0,5,5,9,1,0,3,3,14,20,1
22023,203995,0022301087,"APR 01, 2024",CHA vs. BOS,L,37,5,13,0.385,1,6,0.167,2,2,1.0,0,2,2,9,0,0,1,1,13,-1,1
22023,203995,0022301079,"MAR 31, 2024",CHA vs. LAC,L,35,4,14,0.286,2,7,0.286,0,2,0.0,3,2,5,13,1,0,0,4,10,-6,1
22023,203995,0022301062,"MAR 29, 2024",CHA vs. GSW,L,33,3,7,0.429,1,4,0.25,3,4,0.75,0,2,2,8,2,0,2,2,10,-16,1
22023,203995,0022301048,"MAR 27, 2024",CHA vs. CLE,W,34,5,11,0.455,1,3,0.333,0,0,0.0,0,1,1,12,2,0,5,3,11,1,1
22023,203995,0022301033,"MAR 25, 2024",CHA @ CLE,L,31,1,4,0.25,0,1,0.0,0,0,0.0,0,2,2,4,0,0,2,1,2,-17,1
22023,203995,0022301021,"MAR 23, 2024",CHA @ ATL,L,30,3,10,0.3,0,3,0.0,2,2,1.0,1,2,3,6,0,1,1,1,8,-18,1
22023,203995,0022300991,"MAR 19, 2024",CHA @ ORL,L,27,8,10,0.8,2,3,0.667,2,2,1.0,0,1,1,1,1,0,3,1,20,-23,1
22023,203995,0022300969,"MAR 16, 2024",CHA @ PHI,L,33,5,12,0.417,1,4,0.25,0,0,0.0,0,2,2,4,1,1,5,1,11,-14,1
22023,203995,0022300961,"MAR 15, 2024",CHA vs. PHX,L,31,7,12,0.583,0,2,0.0,7,9,0.778,1,0,1,3,0,1,1,1,21,-10,1
22023,203995,0022300950,"MAR 13, 2024",CHA @ MEM,W,30,9,10,0.9,5,6,0.833,2,2,1.0,0,0,0,8,2,0,2,2,25,21,1
22023,203995,0022300933,"MAR 11, 2024",CHA @ DET,L,33,3,7,0.429,3,5,0.6,2,2,1.0,1,4,5,7,1,0,2,3,11,-8,1
22023,203995,0022300918,"MAR 09, 2024",CHA vs. BKN,W,31,5,13,0.385,1,5,0.2,1,1,1.0,1,4,5,10,0,0,5,1,12,2,1
22023,203995,0022300910,"MAR 08, 2024",CHA @ WAS,L,32,6,14,0.429,0,5,0.0,2,2,1.0,0,3,3,3,0,0,3,1,14,-13,1
22023,203995,0022300885,"MAR 05, 2024",CHA vs. ORL,L,29,8,15,0.533,1,4,0.25,4,4,1.0,2,3,5,4,2,0,4,2,21,-2,1
22023,203995,0022300875,"MAR 03, 2024",CHA @ TOR,L,36,5,13,0.385,0,2,0.0,2,3,0.667,1,1,2,6,2,0,4,1,12,-6,1
22023,203995,0022300858,"MAR 01, 2024",CHA @ PHI,L,28,4,9,0.444,1,2,0.5,4,4,1.0,0,0,0,7,2,0,2,0,13,-7,1
22023,203995,0022300849,"FEB 29, 2024",CHA vs. MIL,L,15,1,5,0.2,0,4,0.0,0,0,0.0,0,1,1,7,0,0,1,0,2,-14,1
22023,203995,0022300840,"FEB 27, 2024",CHA @ MIL,L,17,1,4,0.25,0,2,0.0,0,0,0.0,0,0,0,3,0,0,2,1,2,-31,1
22023,203995,0022300826,"FEB 25, 2024",CHA @ POR,W,24,5,6,0.833,1,2,0.5,0,0,0.0,0,2,2,7,2,0,0,1,11,-4,1
22023,203995,0022300811,"FEB 23, 2024",CHA @ GSW,L,22,4,13,0.308,2,7,0.286,0,0,0.0,1,1,2,3,0,0,2,0,10,-12,1
22023,203995,0022300801,"FEB 22, 2024",CHA @ UTA,W,20,1,9,0.111,0,3,0.0,2,4,0.5,1,1,2,8,0,0,2,3,4,15,1
22023,203995,0022300777,"FEB 14, 2024",CHA vs. ATL,W,20,4,9,0.444,1,3,0.333,4,4,1.0,0,2,2,5,0,0,1,3,13,8,1
22023,203995,0022300761,"FEB 12, 2024",CHA vs. IND,W,21,1,3,0.333,0,1,0.0,0,0,0.0,1,2,3,4,0,0,2,3,2,9,1
22023,203995,0022300751,"FEB 10, 2024",CHA vs. MEM,W,26,8,13,0.615,2,3,0.667,0,0,0.0,0,1,1,9,0,0,3,1,18,14,1
22023,203995,0022300724,"FEB 06, 2024",OKC @ UTA,L,11,0,1,0.0,0,1,0.0,0,0,0.0,0,1,1,1,0,0,3,0,0,-2,1
22023,203995,0022300710,"FEB 04, 2024",OKC vs. TOR,W,14,1,4,0.25,1,3,0.333,0,0,0.0,0,1,1,5,0,0,0,0,3,2,1
22023,203995,0022300695,"FEB 02, 2024",OKC vs. CHA,W,14,1,2,0.5,0,1,0.0,0,0,0.0,0,0,0,4,0,0,3,0,2,5,1
22023,203995,0022300682,"JAN 31, 2024",OKC vs. DEN,W,17,4,8,0.5,1,3,0.333,3,5,0.6,0,2,2,5,0,0,2,0,12,14,1
22023,203995,0022300664,"JAN 29, 2024",OKC vs. MIN,L,4,0,1,0.0,0,1,0.0,0,0,0.0,0,1,1,0,0,0,1,0,0,-1,1
22023,203995,0022300640,"JAN 26, 2024",OKC @ NOP,W,17,1,2,0.5,0,0,0.0,1,1,1.0,0,2,2,1,0,0,2,0,3,12,1
22023,203995,0022300622,"JAN 24, 2024",OKC @ SAS,W,14,1,2,0.5,0,1,0.0,0,0,0.0,0,1,1,3,1,0,3,0,2,10,1
22023,203995,0022300617,"JAN 23, 2024",OKC vs. POR,W,7,0,1,0.0,0,0,0.0,1,2,0.5,0,0,0,0,0,0,1,0,1,-8,1
22023,203995,0022300599,"JAN 20, 2024",OKC @ MIN,W,8,0,2,0.0,0,0,0.0,0,0,0.0,0,0,0,0,0,0,0,0,0,-10,1
22023,203995,0022300581,"JAN 18, 2024",OKC @ UTA,W,9,2,2,1.0,0,0,0.0,2,2,1.0,0,0,0,1,0,0,1,1,6,7,1
22023,203995,0022300568,"JAN 16, 2024",OKC @ LAC,L,11,3,4,0.75,0,1,0.0,1,1,1.0,0,1,1,2,0,0,0,0,7,8,1
22023,203995,0022300565,"JAN 15, 2024",OKC @ LAL,L,15,2,4,0.5,2,2,1.0,0,0,0.0,0,1,1,1,0,0,0,2,6,4,1
22023,203995,0022300546,"JAN 13, 2024",OKC vs. ORL,W,11,3,5,0.6,1,2,0.5,0,0,0.0,0,2,2,1,1,0,1,1,7,0,1
22023,203995,0022300529,"JAN 11, 2024",OKC vs. POR,W,9,0,0,0.0,0,0,0.0,2,2,1.0,0,1,1,2,0,0,0,0,2,8,1
22023,203995,0022300522,"JAN 10, 2024",OKC @ MIA,W,15,2,2,1.0,0,0,0.0,0,0,0.0,0,1,1,5,1,0,0,1,4,16,1
22023,203995,0022300481,"JAN 05, 2024",OKC @ BKN,L,12,3,4,0.75,0,1,0.0,0,0,0.0,0,0,0,3,1,1,0,0,6,1,1
22023,203995,0022300462,"JAN 02, 2024",OKC vs. BOS,W,11,1,5,0.2,1,4,0.25,0,0,0.0,0,1,1,5,0,0,0,2,3,4,1
22023,203995,0022300447,"DEC 31, 2023",OKC vs. BKN,W,12,1,1,1.0,0,0,0.0,0,0,0.0,1,2,3,4,1,0,0,4,2,6,1
22023,203995,0022300435,"DEC 29, 2023",OKC @ DEN,W,14,1,4,0.25,0,3,0.0,0,0,0.0,0,1,1,2,0,1,0,2,2,4,1
22023,203995,0022300411,"DEC 26, 2023",OKC vs. MIN,W,16,1,7,0.143,0,4,0.0,0,0,0.0,0,0,0,4,2,0,1,3,2,7,1
22023,203995,0022300355,"DEC 18, 2023",OKC vs. MEM,W,7,0,1,0.0,0,1,0.0,0,0,0.0,0,0,0,0,0,1,1,0,0,-10,1
22023,203995,0022300302,"DEC 11, 2023",OKC vs. UTA,W,16,1,5,0.2,0,3,0.0,0,0,0.0,0,1,1,5,1,0,0,0,2,8,1
22023,203995,0022300234,"NOV 22, 2023",OKC vs. CHI,W,11,1,4,0.25,0,3,0.0,0,0,0.0,0,0,0,2,0,0,2,0,2,-2,1
22023,203995,0022300215,"NOV 19, 2023",OKC @ POR,W,6,0,1,0.0,0,0,0.0,0,0,0.0,0,0,0,1,0,0,2,0,0,3,1
22023,203995,0022300207,"NOV 18, 2023",OKC @ GSW,W,8,1,1,1.0,0,0,0.0,0,0,0.0,0,0,0,1,0,0,0,0,2,-1,1
22023,203995,0022300201,"NOV 16, 2023",OKC @ GSW,W,21,1,5,0.2,1,3,0.333,2,2,1.0,0,2,2,7,0,0,0,3,5,18,1
22023,203995,0022300021,"NOV 14, 2023",OKC vs. SAS,W,19,2,4,0.5,2,3,0.667,2,4,0.5,0,1,1,4,1,0,2,1,8,16,1
22023,203995,0022300005,"NOV 03, 2023",OKC vs. GSW,L,12,2,5,0.4,1,2,0.5,0,0,0.0,0,1,1,3,0,0,0,1,5,-2,1
22023,203995,0022300095,"OCT 29, 2023",OKC vs. DEN,L,14,1,3,0.333,0,2,0.0,0,0,0.0,0,0,0,3,0,0,2,1,2,-9,1
22023,203995,0022300081,"OCT 27, 2023",OKC @ CLE,W,6,1,1,1.0,1,1,1.0,0,0,0.0,0,0,0,1,0,0,2,0,3,2,1
22023,1630544,0022301187,"APR 14, 2024",CHA @ CLE,W,24,4,11,0.364,3,6,0.5,0,0,0.0,0,4,4,6,1,0,2,2,11,-3,1
22023,1630544,0022301173,"APR 12, 2024",CHA @ BOS,L,31,6,10,0.6,3,4,0.75,4,5,0.8,0,3,3,8,0,0,4,1,19,0,1
22023,1630544,0022301159,"APR 10, 2024",CHA @ ATL,W,37,5,13,0.385,1,4,0.25,5,6,0.833,1,2,3,7,7,0,1,0,16,2,1
22023,1630544,0022301144,"APR 09, 2024",CHA vs. DAL,L,35,5,13,0.385,0,2,0.0,1,2,0.5,1,4,5,6,1,0,0,0,11,-11,1
22023,1630544,0022301135,"APR 07, 2024",CHA vs. OKC,L,33,7,7,1.0,3,3,1.0,1,1,1.0,1,4,5,6,4,2,5,2,18,-18,1
22023,1630544,0022301115,"APR 05, 2024",CHA vs. ORL,W,32,2,5,0.4,1,2,0.5,2,2,1.0,0,4,4,5,3,0,1,2,7,9,1
22023,1630544,0022301102,"APR 03, 2024",CHA vs. POR,L,35,4,11,0.364,0,6,0.0,3,4,0.75,0,3,3,2,3,0,2,1,11,2,1
22023,1630544,0022301087,"APR 01, 2024",CHA vs. BOS,L,26,2,7,0.286,0,3,0.0,0,0,0.0,0,4,4,4,0,0,2,2,4,-22,1
22023,1630544,0022301079,"MAR 31, 2024",CHA vs. LAC,L,26,3,7,0.429,1,2,0.5,2,2,1.0,0,2,2,5,1,0,6,2,9,1,1
22023,1630544,0022301062,"MAR 29, 2024",CHA vs. GSW,L,33,3,9,0.333,1,6,0.167,0,0,0.0,1,2,3,4,0,1,4,0,7,-15,1
22023,1630544,0022301048,"MAR 27, 2024",CHA vs. CLE,W,29,6,10,0.6,1,4,0.25,4,4,1.0,0,1,1,8,1,0,2,3,17,11,1
22023,1630544,0022301033,"MAR 25, 2024",CHA @ CLE,L,34,5,11,0.455,2,3,0.667,0,0,0.0,1,6,7,5,0,0,3,2,12,-13,1
22023,1630544,0022301021,"MAR 23, 2024",CHA @ ATL,L,29,4,11,0.364,1,5,0.2,0,0,0.0,1,2,3,9,1,0,1,0,9,-19,1
22023,1630544,0022300991,"MAR 19, 2024",CHA @ ORL,L,29,5,8,0.625,1,2,0.5,0,0,0.0,0,4,4,5,1,0,1,0,11,-2,1
22023,1630544,0022300969,"MAR 16, 2024",CHA @ PHI,L,37,7,16,0.438,3,6,0.5,4,7,0.571,3,5,8,6,4,0,2,3,21,-3,1
22023,1630544,0022300961,"MAR 15, 2024",CHA vs. PHX,L,36,4,10,0.4,1,5,0.2,3,5,0.6,1,3,4,7,1,0,0,2,12,-1,1
22023,1630544,0022300950,"MAR 13, 2024",CHA @ MEM,W,30,5,9,0.556,0,2,0.0,0,1,0.0,1,4,5,0,2,0,3,1,10,-4,1
22023,1630544,0022300885,"MAR 05, 2024",CHA vs. ORL,L,34,7,9,0.778,2,4,0.5,2,2,1.0,0,6,6,4,2,0,2,2,18,-6,1
22023,1630544,0022300875,"MAR 03, 2024",CHA @ TOR,L,30,3,8,0.375,0,0,0.0,0,0,0.0,0,4,4,4,2,0,1,2,6,-10,1
22023,1630544,0022300858,"MAR 01, 2024",CHA @ PHI,L,32,3,10,0.3,1,4,0.25,2,2,1.0,0,3,3,6,0,0,0,2,9,-9,1
22023,1630544,0022300849,"FEB 29, 2024",CHA vs. MIL,L,29,4,10,0.4,1,5,0.2,0,0,0.0,1,6,7,4,2,0,1,1,9,-16,1
22023,1630544,0022300840,"FEB 27, 2024",CHA @ MIL,L,33,6,12,0.5,2,5,0.4,2,5,0.4,0,4,4,3,2,0,2,1,16,-8,1
22023,1630544,0022300826,"FEB 25, 2024",CHA @ POR,W,25,2,7,0.286,1,3,0.333,1,1,1.0,0,2,2,3,3,0,0,3,6,8,1
22023,1630544,0022300811,"FEB 23, 2024",CHA @ GSW,L,32,3,9,0.333,2,5,0.4,2,2,1.0,0,4,4,2,1,0,3,4,10,-4,1
22023,1630544,0022300801,"FEB 22, 2024",CHA @ UTA,W,30,4,8,0.5,2,3,0.667,3,4,0.75,1,5,6,4,2,0,1,4,13,2,1
22023,1630544,0022300777,"FEB 14, 2024",CHA vs. ATL,W,30,7,13,0.538,4,5,0.8,3,3,1.0,1,7,8,6,2,0,1,1,21,4,1
22023,1630544,0022300761,"FEB 12, 2024",CHA vs. IND,W,34,5,11,0.455,1,3,0.333,0,0,0.0,1,8,9,7,0,0,4,1,11,10,1
22023,1630544,0022300751,"FEB 10, 2024",CHA vs. MEM,W,27,4,11,0.364,1,5,0.2,0,0,0.0,1,3,4,9,2,0,2,1,9,-6,1
22023,1630544,0022300529,"JAN 11, 2024",OKC vs. POR,W,18,4,5,0.8,3,4,0.75,0,0,0.0,1,6,7,4,0,0,1,0,11,13,1
22023,1630544,0022300419,"DEC 27, 2023",OKC vs. NYK,W,6,0,3,0.0,0,2,0.0,0,0,0.0,0,0,0,1,0,0,0,0,0,-5,1
22023,1630544,0022300411,"DEC 26, 2023",OKC vs. MIN,W,2,0,0,0.0,0,0,0.0,0,0,0.0,0,0,0,0,0,0,0,0,0,-2,1
22023,1630544,0022300379,"DEC 21, 2023",OKC vs. LAC,W,2,0,0,0.0,0,0,0.0,0,0,0.0,0,0,0,1,0,0,0,0,0,1,1
22023,1630544,0022300355,"DEC 18, 2023",OKC vs. MEM,W,7,0,0,0.0,0,0,0.0,0,0,0.0,0,0,0,2,0,0,1,0,0,-12,1
22023,1630544,0022300302,"DEC 11, 2023",OKC vs. UTA,W,13,2,6,0.333,0,1,0.0,0,0,0.0,0,2,2,0,0,0,1,2,4,-21,1
22023,1630544,0022301212,"DEC 06, 2023",OKC @ HOU,L,24,4,8,0.5,2,4,0.5,0,0,0.0,0,3,3,4,2,0,1,0,10,7,1
22023,1630544,0022300271,"NOV 30, 2023",OKC vs. LAL,W,3,0,0,0.0,0,0,0.0,0,0,0.0,0,1,1,2,0,0,0,0,0,3,1
22023,1630544,0022300215,"NOV 19, 2023",OKC @ POR,W,24,3,7,0.429,1,3,0.333,0,0,0.0,2,3,5,2,0,0,3,1,7,17,1
22023,1630544,0022300021,"NOV 14, 2023",OKC vs. SAS,W,9,2,4,0.5,1,3,0.333,0,0,0.0,0,2,2,2,1,0,1,0,5,7,1
22023,1630544,0022300109,"OCT 30, 2023",OKC vs. DET,W,2,0,0,0.0,0,0,0.0,0,0,0.0,0,0,0,0,0,0,0,0,0,-8,1
22023,1630544,0022300095,"OCT 29, 2023",OKC vs. DEN,L,8,5,7,0.714,1,2,0.5,1,1,1.0,1,3,4,1,0,0,1,0,12,-5,1
22023,1630544,0022300070,"OCT 25, 2023",OKC @ CHI,W,2,0,0,0.0,0,0,0.0,0,0,0.0,0,0,0,1,0,0,0,0,0,0,1
22023,1641706,0022301173,"APR 12, 2024",CHA @ BOS,L,14,3,8,0.375,1,4,0.25,2,2,1.0,0,2,2,0,0,0,1,0,9,-15,1
22023,1641706,0022301159,"APR 10, 2024",CHA @ ATL,W,33,9,17,0.529,5,11,0.455,4,4,1.0,0,3,3,2,0,0,1,2,27,1,1
22023,1641706,0022301144,"APR 09, 2024",CHA vs. DAL,L,35,6,15,0.4,4,8,0.5,5,5,1.0,1,5,6,4,3,0,3,3,21,-20,1
22023,1641706,0022301135,"APR 07, 2024",CHA vs. OKC,L,36,4,13,0.308,1,8,0.125,4,5,0.8,1,2,3,4,1,3,2,2,13,-24,1
22023,1641706,0022301115,"APR 05, 2024",CHA vs. ORL,W,39,11,13,0.846,5,6,0.833,5,5,1.0,0,6,6,2,1,1,5,3,32,7,1
22023,1641706,0022301102,"APR 03, 2024",CHA vs. POR,L,30,9,20,0.45,1,8,0.125,2,3,0.667,0,2,2,1,2,1,2,1,21,-3,1
22023,1641706,0022301087,"APR 01, 2024",CHA vs. BOS,L,40,7,15,0.467,3,6,0.5,2,2,1.0,1,4,5,2,1,0,1,4,19,-5,1
22023,1641706,0022301079,"MAR 31, 2024",CHA vs. LAC,L,40,8,19,0.421,5,13,0.385,1,2,0.5,1,5,6,4,0,1,2,4,22,-5,1
22023,1641706,0022301062,"MAR 29, 2024",CHA vs. GSW,L,33,5,15,0.333,2,8,0.25,0,0,0.0,3,0,3,3,0,1,1,2,12,-18,1
22023,1641706,0022301048,"MAR 27, 2024",CHA vs. CLE,W,35,11,19,0.579,7,13,0.538,2,2,1.0,0,6,6,1,0,1,1,3,31,8,1
22023,1641706,0022301033,"MAR 25, 2024",CHA @ CLE,L,37,8,18,0.444,3,8,0.375,5,5,1.0,0,8,8,3,0,0,3,1,24,-10,1
22023,1641706,0022301021,"MAR 23, 2024",CHA @ ATL,L,34,5,12,0.417,2,6,0.333,1,3,0.333,0,2,2,1,0,0,1,1,13,-23,1
22023,1641706,0022300991,"MAR 19, 2024",CHA @ ORL,L,32,7,20,0.35,4,9,0.444,3,4,0.75,1,6,7,1,1,0,2,2,21,-25,1
22023,1641706,0022300969,"MAR 16, 2024",CHA @ PHI,L,15,3,7,0.429,0,2,0.0,0,0,0.0,1,1,2,1,0,1,3,3,6,-8,1
22023,1641706,0022300961,"MAR 15, 2024",CHA vs. PHX,L,29,4,15,0.267,2,8,0.25,4,5,0.8,1,3,4,1,2,1,0,4,14,-7,1
22023,1641706,0022300950,"MAR 13, 2024",CHA @ MEM,W,36,4,12,0.333,2,6,0.333,0,1,0.0,1,2,3,5,4,0,1,1,10,0,1
22023,1641706,0022300933,"MAR 11, 2024",CHA @ DET,L,35,7,17,0.412,3,10,0.3,2,3,0.667,1,4,5,7,1,1,0,2,19,-8,1
22023,1641706,0022300918,"MAR 09, 2024",CHA vs. BKN,W,36,10,21,0.476,2,10,0.2,1,2,0.5,0,7,7,3,0,1,2,2,23,-3,1
22023,1641706,0022300910,"MAR 08, 2024",CHA @ WAS,L,30,8,19,0.421,2,7,0.286,3,3,1.0,1,5,6,0,0,1,1,4,21,-16,1
22023,1641706,0022300885,"MAR 05, 2024",CHA vs. ORL,L,38,7,15,0.467,4,8,0.5,0,0,0.0,0,5,5,3,1,0,4,3,18,-6,1
22023,1641706,0022300875,"MAR 03, 2024",CHA @ TOR,L,37,11,21,0.524,4,8,0.5,0,1,0.0,3,7,10,3,0,1,2,1,26,-12,1
22023,1641706,0022300849,"FEB 29, 2024",CHA vs. MIL,L,40,8,21,0.381,2,7,0.286,3,3,1.0,1,6,7,1,0,0,1,2,21,-1,1
22023,1641706,0022300840,"FEB 27, 2024",CHA @ MIL,L,33,6,14,0.429,2,7,0.286,0,0,0.0,0,2,2,2,1,0,1,0,14,-32,1
22023,1641706,0022300826,"FEB 25, 2024",CHA @ POR,W,38,8,18,0.444,1,6,0.167,0,0,0.0,0,4,4,1,2,0,5,2,17,7,1
22023,1641706,0022300811,"FEB 23, 2024",CHA @ GSW,L,31,4,14,0.286,2,7,0.286,1,2,0.5,1,2,3,5,4,1,4,3,11,3,1
22023,1641706,0022300801,"FEB 22, 2024",CHA @ UTA,W,38,6,16,0.375,3,9,0.333,1,1,1.0,0,3,3,5,4,0,1,3,16,-3,1
22023,1641706,0022300777,"FEB 14, 2024",CHA vs. ATL,W,36,8,19,0.421,4,9,0.444,6,6,1.0,3,3,6,4,1,3,5,2,26,24,1
22023,1641706,0022300761,"FEB 12, 2024",CHA vs. IND,W,29,4,8,0.5,2,5,0.4,2,2,1.0,0,4,4,1,0,0,1,4,12,5,1
22023,1641706,0022300751,"FEB 10, 2024",CHA vs. MEM,W,31,7,9,0.778,3,4,0.75,1,1,1.0,0,6,6,1,0,0,3,4,18,0,1
22023,1641706,0022300745,"FEB 09, 2024",CHA @ MIL,L,29,6,18,0.333,1,6,0.167,3,4,0.75,2,4,6,3,1,1,2,2,16,-31,1
22023,1641706,0022300726,"FEB 07, 2024",CHA vs. TOR,L,41,9,17,0.529,2,8,0.25,0,0,0.0,0,4,4,1,2,1,4,1,20,-12,1
22023,1641706,0022300713,"FEB 05, 2024",CHA vs. LAL,L,33,13,25,0.52,5,11,0.455,2,2,1.0,1,3,4,3,4,0,2,4,33,3,1
22023,1641706,0022300707,"FEB 04, 2024",CHA vs. IND,L,38,10,25,0.4,5,12,0.417,10,12,0.833,2,4,6,1,1,2,1,1,35,0,1
22023,1641706,0022300695,"FEB 02, 2024",CHA @ OKC,L,32,11,19,0.579,5,8,0.625,1,1,1.0,1,3,4,4,3,2,2,4,28,-17,1
22023,1641706,0022300674,"JAN 31, 2024",CHA vs. CHI,L,38,8,21,0.381,3,10,0.3,2,2,1.0,0,1,1,3,1,0,2,2,21,-17,1
22023,1641706,0022300657,"JAN 29, 2024",CHA vs. NYK,L,39,11,19,0.579,3,6,0.5,4,5,0.8,1,6,7,3,0,1,1,1,29,-19,1
22023,1641706,0022300647,"JAN 27, 2024",CHA vs. UTA,L,37,6,18,0.333,0,7,0.0,0,0,0.0,0,1,1,3,1,0,1,3,12,-6,1
22023,1641706,0022300635,"JAN 26, 2024",CHA vs. HOU,L,20,2,8,0.25,1,3,0.333,0,0,0.0,0,1,1,2,0,0,0,4,5,-25,1
22023,1641706,0022300619,"JAN 24, 2024",CHA @ DET,L,39,8,17,0.471,5,10,0.5,2,3,0.667,1,6,7,4,0,1,2,4,23,-15,1
22023,1641706,0022300610,"JAN 22, 2024",CHA @ MIN,W,29,11,13,0.846,3,4,0.75,2,2,1.0,0,3,3,2,1,0,0,4,27,14,1
22023,1641706,0022300593,"JAN 20, 2024",CHA vs. PHI,L,35,8,17,0.471,2,10,0.2,5,5,1.0,2,5,7,3,0,1,1,1,23,-6,1
22023,1641706,0022300584,"JAN 19, 2024",CHA vs. SAS,W,35,8,14,0.571,4,7,0.571,4,5,0.8,3,6,9,2,2,0,3,0,24,5,1
22023,1641706,0022300541,"JAN 12, 2024",CHA @ SAS,L,9,0,5,0.0,0,1,0.0,1,2,0.5,2,0,2,1,1,0,1,1,1,-5,1
22023,1641706,0022300518,"JAN 10, 2024",CHA vs. SAC,L,28,5,10,0.5,4,6,0.667,1,2,0.5,0,1,1,2,0,0,0,1,15,4,1
22023,1641706,0022300506,"JAN 08, 2024",CHA vs. CHI,L,31,2,11,0.182,0,7,0.0,0,0,0.0,0,6,6,4,1,0,3,4,4,-6,1
22023,1641706,0022300484,"JAN 05, 2024",CHA @ CHI,L,23,3,13,0.231,1,7,0.143,2,2,1.0,0,3,3,1,1,0,0,3,9,3,1
22023,1641706,0022300455,"JAN 01, 2024",CHA @ DEN,L,32,5,17,0.294,3,9,0.333,2,2,1.0,0,5,5,1,0,0,2,1,15,-31,1
22023,1641706,0022300436,"DEC 29, 2023",CHA @ PHX,L,31,7,16,0.438,6,10,0.6,0,0,0.0,1,0,1,3,1,1,0,4,20,-15,1
22023,1641706,0022300428,"DEC 28, 2023",CHA @ LAL,L,29,5,9,0.556,3,5,0.6,4,4,1.0,1,0,1,2,1,1,3,0,17,-4,1
22023,1641706,0022300390,"DEC 23, 2023",CHA vs. DEN,L,11,2,5,0.4,0,2,0.0,0,0,0.0,0,1,1,2,0,0,3,1,4,-4,1
22023,1641706,0022300365,"DEC 20, 2023",CHA @ IND,L,33,9,17,0.529,2,4,0.5,1,2,0.5,2,4,6,3,1,0,1,4,21,-30,1
22023,1641706,0022300354,"DEC 18, 2023",CHA @ TOR,L,37,6,16,0.375,0,5,0.0,2,2,1.0,0,3,3,0,0,1,3,3,14,-6,1
22023,1641706,0022300335,"DEC 16, 2023",CHA vs. PHI,L,29,4,16,0.25,2,7,0.286,4,4,1.0,0,4,4,4,0,1,3,0,14,-28,1
22023,1641706,0022300326,"DEC 15, 2023",CHA vs. NOP,L,35,7,16,0.438,2,5,0.4,0,2,0.0,0,4,4,3,1,0,0,3,16,-1,1
22023,1641706,0022300312,"DEC 13, 2023",CHA @ MIA,L,39,7,16,0.438,4,10,0.4,0,0,0.0,0,2,2,3,3,0,5,3,18,-4,1
22023,1641706,0022300292,"DEC 11, 2023",CHA vs. MIA,L,30,6,14,0.429,3,8,0.375,1,1,1.0,0,4,4,2,0,0,2,5,16,3,1
22023,1641706,0022301216,"DEC 08, 2023",CHA vs. TOR,W,35,7,15,0.467,4,7,0.571,2,2,1.0,0,5,5,3,0,2,4,1,20,2,1
22023,1641706,0022301211,"DEC 06, 2023",CHA @ CHI,L,39,4,14,0.286,3,6,0.5,1,1,1.0,0,6,6,4,1,1,2,3,12,-8,1
22023,1641706,0022300281,"DEC 02, 2023",CHA vs. MIN,L,36,5,13,0.385,2,4,0.5,2,2,1.0,1,4,5,3,0,2,2,3,14,-8,1
22023,1641706,0022300057,"NOV 28, 2023",CHA @ NYK,L,36,7,18,0.389,4,8,0.5,0,0,0.0,0,3,3,2,1,0,3,2,18,-24,1
22023,1641706,0022300248,"NOV 26, 2023",CHA @ ORL,L,33,7,11,0.636,2,3,0.667,4,5,0.8,0,5,5,1,1,0,2,5,20,-1,1
22023,1641706,0022300225,"NOV 22, 2023",CHA vs. WAS,W,31,6,12,0.5,3,6,0.5,0,0,0.0,0,0,0,3,1,0,0,2,15,-2,1
22023,1641706,0022300217,"NOV 20, 2023",CHA vs. BOS,W,40,4,12,0.333,1,4,0.25,0,0,0.0,4,3,7,4,2,1,2,2,9,22,1
22023,1641706,0022300202,"NOV 18, 2023",CHA vs. NYK,L,34,10,15,0.667,5,7,0.714,4,4,1.0,0,3,3,2,0,0,2,3,29,-7,1
22023,1641706,0022300027,"NOV 17, 2023",CHA vs. MIL,L,27,5,12,0.417,0,3,0.0,0,1,0.0,2,2,4,3,1,0,1,2,10,-24,1
22023,1641706,0022300177,"NOV 12, 2023",CHA @ NYK,L,10,5,6,0.833,1,2,0.5,0,1,0.0,1,2,3,0,0,0,0,0,11,4,1
22023,1641706,0022300009,"NOV 10, 2023",CHA @ WAS,W,32,5,16,0.313,0,6,0.0,2,2,1.0,2,1,3,2,1,2,1,5,12,3,1
22023,1641706,0022300157,"NOV 08, 2023",CHA vs. WAS,L,30,5,11,0.455,1,2,0.5,2,3,0.667,2,3,5,2,1,0,2,2,13,-11,1
22023,1641706,0022300143,"NOV 05, 2023",CHA @ DAL,L,36,3,12,0.25,0,5,0.0,1,2,0.5,0,1,1,1,1,0,0,3,7,-9,1
22023,1641706,0022300133,"NOV 04, 2023",CHA @ IND,W,34,4,7,0.571,0,2,0.0,2,2,1.0,1,2,3,1,0,1,0,4,10,17,1
22023,1641706,0022300122,"NOV 01, 2023",CHA @ HOU,L,24,4,9,0.444,1,3,0.333,1,2,0.5,1,4,5,2,0,0,1,5,10,-6,1
22023,1641706,0022300101,"OCT 30, 2023",CHA vs. BKN,L,36,7,16,0.438,2,5,0.4,6,6,1.0,4,5,9,2,0,1,0,3,22,-4,1
22023,1641706,0022300077,"OCT 27, 2023",CHA vs. DET,L,33,6,13,0.462,2,4,0.5,3,4,0.75,2,4,6,2,1,1,3,4,17,-2,1
22023,1641706,0022300063,"OCT 25, 2023",CHA vs. ATL,W,25,5,9,0.556,3,7,0.429,0,0,0.0,0,3,3,2,0,0,1,3,13,-13,1
22023,203552,0022300858,"MAR 01, 2024",CHA @ PHI,L,23,2,8,0.25,1,3,0.333,0,0,0.0,1,1,2,2,1,0,0,2,5,-9,1
22023,203552,0022300849,"FEB 29, 2024",CHA vs. MIL,L,16,5,7,0.714,2,3,0.667,1,1,1.0,0,2,2,1,1,0,2,2,13,-6,1
22023,203552,0022300840,"FEB 27, 2024",CHA @ MIL,L,20,1,6,0.167,1,3,0.333,5,5,1.0,0,4,4,4,0,1,1,1,8,-20,1
22023,203552,0022300811,"FEB 23, 2024",CHA @ GSW,L,25,2,8,0.25,0,3,0.0,2,3,0.667,0,2,2,3,0,1,0,2,6,-4,1
22023,203552,0022300801,"FEB 22, 2024",CHA @ UTA,W,19,4,8,0.5,1,4,0.25,1,1,1.0,1,1,2,0,0,0,1,0,10,3,1
22023,203552,0022300777,"FEB 14, 2024",CHA vs. ATL,W,17,4,8,0.5,1,4,0.25,0,0,0.0,0,0,0,1,0,0,0,0,9,-8,1
22023,203552,0022300761,"FEB 12, 2024",CHA vs. IND,W,19,7,11,0.636,2,5,0.4,2,2,1.0,0,2,2,2,1,0,0,0,18,15,1
22023,203552,0022300751,"FEB 10, 2024",CHA vs. MEM,W,20,1,3,0.333,1,3,0.333,0,0,0.0,1,1,2,1,2,1,1,0,3,4,1
22023,203552,0022300680,"JAN 31, 2024",DAL @ MIN,L,17,3,8,0.375,0,3,0.0,3,3,1.0,1,2,3,3,0,0,2,0,9,-11,1
22023,203552,0022300666,"JAN 29, 2024",DAL vs. ORL,W,5,0,0,0.0,0,0,0.0,0,0,0.0,0,0,0,0,0,0,0,0,0,3,1
22023,203552,0022300651,"JAN 27, 2024",DAL vs. SAC,L,11,3,5,0.6,1,3,0.333,0,0,0.0,1,1,2,1,0,0,0,1,7,7,1
22023,203552,0022300577,"JAN 17, 2024",DAL @ LAL,L,5,0,2,0.0,0,1,0.0,0,0,0.0,0,0,0,0,0,0,0,0,0,-9,1
22023,203552,0022300556,"JAN 15, 2024",DAL vs. NOP,W,7,0,2,0.0,0,1,0.0,0,0,0.0,0,0,0,0,0,0,0,1,0,-2,1
22023,203552,0022300547,"JAN 13, 2024",DAL vs. NOP,L,12,1,3,0.333,1,2,0.5,0,0,0.0,0,0,0,0,1,0,0,3,3,1,1
22023,203552,0022300530,"JAN 11, 2024",DAL vs. NYK,W,10,0,1,0.0,0,1,0.0,0,0,0.0,0,1,1,0,0,0,1,0,0,2,1
22023,203552,0022300515,"JAN 09, 2024",DAL vs. MEM,L,10,1,2,0.5,0,1,0.0,0,0,0.0,0,0,0,0,0,0,1,1,2,-8,1
22023,203552,0022300501,"JAN 07, 2024",DAL vs. MIN,W,12,0,3,0.0,0,2,0.0,0,0,0.0,0,3,3,0,1,0,1,1,0,0,1
22023,203552,0022300487,"JAN 05, 2024",DAL vs. POR,W,20,4,9,0.444,1,4,0.25,0,0,0.0,1,1,2,1,0,0,0,2,9,12,1
22023,203552,0022300472,"JAN 03, 2024",DAL vs. POR,W,15,0,1,0.0,0,0,0.0,0,0,0.0,0,1,1,2,0,0,0,0,0,28,1
22023,203552,0022300423,"DEC 28, 2023",DAL @ MIN,L,30,3,8,0.375,2,4,0.5,3,4,0.75,0,2,2,3,0,0,3,2,11,6,1
22023,203552,0022300420,"DEC 27, 2023",DAL vs. CLE,L,28,6,11,0.545,5,9,0.556,2,2,1.0,1,3,4,1,2,0,0,1,19,0,1
22023,203552,0022300405,"DEC 25, 2023",DAL @ PHX,W,6,0,0,0.0,0,0,0.0,0,0,0.0,1,0,1,0,0,0,0,0,0,4,1
22023,203552,0022300385,"DEC 22, 2023",DAL @ HOU,L,18,0,7,0.0,0,2,0.0,0,0,0.0,0,2,2,0,2,0,2,1,0,-23,1
22023,203552,0022300356,"DEC 18, 2023",DAL @ DEN,L,7,0,0,0.0,0,0,0.0,0,0,0.0,0,0,0,0,0,0,0,2,0,-1,1
22023,203552,0022300341,"DEC 16, 2023",DAL @ POR,W,14,2,6,0.333,2,3,0.667,1,1,1.0,0,2,2,1,0,0,1,3,7,17,1
22023,203552,0022300306,"DEC 12, 2023",DAL vs. LAL,W,12,1,2,0.5,1,2,0.5,0,0,0.0,1,1,2,0,0,1,0,0,3,4,1
22023,203552,0022300299,"DEC 11, 2023",DAL @ MEM,W,20,2,5,0.4,1,3,0.333,1,1,1.0,1,2,3,2,1,0,0,1,6,8,1
22023,203552,0022301226,"DEC 08, 2023",DAL @ POR,W,18,2,5,0.4,2,4,0.5,1,1,1.0,1,1,2,1,0,0,1,1,7,14,1
22023,203552,0022301213,"DEC 06, 2023",DAL vs. UTA,W,19,4,7,0.571,2,3,0.667,0,0,0.0,1,1,2,2,2,0,0,0,10,26,1
22023,203552,0022300287,"DEC 02, 2023",DAL vs. OKC,L,36,4,15,0.267,4,9,0.444,0,0,0.0,3,2,5,3,1,1,0,2,12,14,1
22023,203552,0022300277,"DEC 01, 2023",DAL vs. MEM,L,16,5,10,0.5,2,4,0.5,0,0,0.0,0,2,2,2,1,0,0,2,12,-5,1
22023,203552,0022300059,"NOV 28, 2023",DAL vs. HOU,W,0,0,0,0.0,0,0,0.0,0,0,0.0,0,0,0,0,0,0,0,0,0,2,1
22023,203552,0022300244,"NOV 25, 2023",DAL @ LAC,L,8,1,5,0.2,1,4,0.25,0,0,0.0,0,0,0,0,0,0,0,2,3,-4,1
22023,203552,0022300238,"NOV 22, 2023",DAL @ LAL,W,0,0,0,0.0,0,0,0.0,0,0,0.0,0,0,0,0,0,0,0,0,0,2,1
22023,203552,0022300205,"NOV 18, 2023",DAL @ MIL,L,9,1,2,0.5,0,1,0.0,0,0,0.0,0,1,1,0,0,0,0,0,2,-10,1
22023,203552,0022300192,"NOV 15, 2023",DAL @ WAS,W,20,6,6,1.0,2,2,1.0,1,1,1.0,0,2,2,2,1,0,0,1,15,-3,1
22023,203552,0022300022,"NOV 14, 2023",DAL @ NOP,L,13,0,4,0.0,0,4,0.0,3,3,1.0,0,3,3,2,3,0,1,1,3,4,1
22023,203552,0022300183,"NOV 12, 2023",DAL @ NOP,W,6,0,2,0.0,0,1,0.0,0,0,0.0,1,0,1,0,0,0,0,0,0,-11,1
22023,203552,0022300014,"NOV 10, 2023",DAL vs. LAC,W,7,1,2,0.5,1,2,0.5,2,3,0.667,0,0,0,0,0,0,0,0,5,-2,1
22023,203552,0022300006,"NOV 03, 2023",DAL @ DEN,L,5,0,1,0.0,0,1,0.0,0,0,0.0,0,1,1,1,1,0,0,1,0,4,1
22023,203552,0022300124,"NOV 01, 2023",DAL vs. CHI,W,12,2,5,0.4,0,1,0.0,0,0,0.0,2,1,3,0,0,0,1,0,4,-5,1
22023,203552,0022300106,"OCT 30, 2023",DAL @ MEM,W,15,1,5,0.2,1,3,0.333,0,0,0.0,0,2,2,2,1,1,1,2,3,14,1
22023,203552,0022300084,"OCT 27, 2023",DAL vs. BKN,W,9,1,1,1.0,0,0,0.0,0,0,0.0,0,0,0,1,0,0,1,1,2,1,1
22023,203552,0022300073,"OCT 25, 2023",DAL @ SAS,W,4,0,0,0.0,0,0,0.0,0,0,0.0,0,0,0,0,0,0,0,0,0,4,1
22023,201959,0022301197,"APR 14, 2024",DET @ SAS,L,8,1,3,0.333,0,0,0.0,0,0,0.0,1,1,2,0,0,0,0,0,2,-11,1
22023,201959,0022301181,"APR 12, 2024",DET @ DAL,W,12,4,6,0.667,0,0,0.0,0,0,0.0,1,4,5,2,0,1,0,1,8,8,1
22023,201959,0022301128,"APR 06, 2024",DET @ BKN,L,9,2,3,0.667,1,2,0.5,0,0,0.0,0,0,0,0,0,0,0,1,5,1,1
22023,201959,0022300984,"MAR 18, 2024",DET @ BOS,L,11,1,2,0.5,1,2,0.5,0,0,0.0,0,2,2,0,1,0,0,1,3,-3,1
22023,201959,0022300778,"FEB 14, 2024",NYK @ ORL,L,9,0,0,0.0,0,0,0.0,0,0,0.0,0,0,0,0,1,0,1,0,0,-4,1
22023,201959,0022300765,"FEB 12, 2024",NYK @ HOU,L,5,0,1,0.0,0,0,0.0,0,0,0.0,2,0,2,1,0,0,0,2,0,1,1
22023,201959,0022300755,"FEB 10, 2024",NYK vs. IND,L,19,0,4,0.0,0,0,0.0,0,0,0.0,0,3,3,1,0,0,0,2,0,-1,1
22023,201959,0022300736,"FEB 08, 2024",NYK vs. DAL,L,22,0,3,0.0,0,1,0.0,0,0,0.0,2,2,4,1,0,0,1,4,0,8,1
22023,201959,0022300722,"FEB 06, 2024",NYK vs. MEM,W,13,0,1,0.0,0,1,0.0,2,2,1.0,0,1,1,1,0,0,1,0,2,-2,1
22023,201959,0022300671,"JAN 30, 2024",NYK vs. UTA,W,0,0,0,0.0,0,0,0.0,0,0,0.0,0,0,0,0,0,0,0,0,0,0,1
22023,201959,0022300451,"JAN 01, 2024",NYK vs. MIN,W,0,0,0,0.0,0,0,0.0,0,0,0.0,0,0,0,0,0,0,0,1,0,-1,1
22023,201959,0022300441,"DEC 30, 2023",NYK @ IND,L,14,1,3,0.333,0,0,0.0,0,0,0.0,2,0,2,1,0,0,1,4,2,-13,1
22023,201959,0022300429,"DEC 29, 2023",NYK @ ORL,L,15,1,1,1.0,0,0,0.0,0,0,0.0,0,4,4,0,0,1,0,4,2,7,1
22023,201959,0022300419,"DEC 27, 2023",NYK @ OKC,L,10,2,2,1.0,0,0,0.0,0,0,0.0,1,1,2,0,0,0,0,2,4,-16,1
22023,201959,0022300401,"DEC 25, 2023",NYK vs. MIL,W,15,0,1,0.0,0,1,0.0,0,0,0.0,0,3,3,3,0,3,0,2,0,4,1
22023,201959,0022300388,"DEC 23, 2023",NYK vs. MIL,L,15,1,2,0.5,0,1,0.0,0,0,0.0,1,0,1,1,0,0,0,2,2,-5,1
22023,201959,0022300368,"DEC 20, 2023",NYK @ BKN,W,13,1,2,0.5,0,0,0.0,0,0,0.0,0,2,2,0,0,2,0,3,2,5,1
22023,201959,0022300359,"DEC 18, 2023",NYK @ LAL,W,6,0,0,0.0,0,0,0.0,0,0,0.0,1,2,3,0,0,0,1,2,0,-8,1
22023,201959,0022300343,"DEC 16, 2023",NYK @ LAC,L,6,1,3,0.333,0,2,0.0,0,0,0.0,1,0,1,0,1,0,0,0,2,2,1
22023,201959,0022300333,"DEC 15, 2023",NYK @ PHX,W,1,0,0,0.0,0,0,0.0,0,0,0.0,0,0,0,0,0,0,0,0,0,-1,1
